,position,city,specific_position,company_name,company_size,company_type,salary,education,ability,experience
0,数据开发,上海·浦东·张江,大数据开发工程师,上海飞旗网络技术股份有限公司,100-299人,股份制企业,2.5万-3.5万,本科, ,5-10年
1,数据开发,上海·徐家汇,大数据开发主管(J11890), ,1000-9999人,民营,2.5万-3.5万,本科, ,5-10年
2,数据开发,上海·浦东·高行,大数据开发工程师,上海微创软件股份有限公司,10000人以上,合资,2万-2.3万,本科, ,3-5年
3,数据开发,上海·虹口·曲阳路,大数据开发工程师, ,10000人以上,民营,1万-1.4万,本科, ,1-3年
4,数据开发,上海·浦东·陆家嘴, ,上海零霸格软件科技工作室(个人独资),20人以下,其它,2.1万-2.2万,学历不限, ,5-10年
5,数据开发,上海·黄浦·南京东路, , ,500-999人,合资,7千-8千·14薪,学历不限, ,经验不限
6,数据开发,上海·黄浦·淮海中路, ,山东申博人力资源有限公司,500-999人,民营,9千-1.2万,学历不限, ,经验不限
7,数据开发,上海·浦东·金桥, ,外企德科数字技术有限公司,人力资源服务,10000人以上,1.5万-3万·14薪,本科, ,1-3年
8,数据开发,上海·静安·大宁路, ,上海东浩人力资源有限公司,100-299人,国企,1.4万-1.7万,大专, ,3-5年
9,数据开发,上海·金山·亭林, , ,20-99人,民营,8千-1.2万,学历不限, ,经验不限
10,数据开发,上海·浦东·陆家嘴,仓库打包数据线月9000+,上海时时送供应链有限公司,100-299人,股份制企业,1.1万-1.6万,学历不限, ,经验不限
11,数据开发,上海·浦东·金桥, ,外企德科数字技术有限公司,人力资源服务,10000人以上,1.7万-3万·14薪,本科, ,经验不限
12,数据开发,上海·南京东路,数据分析（2023届应届毕业生）, ,20-99人,事业单位,1万-1.5万,学历不限, ,经验不限
13,数据开发,上海·静安·大宁路,国民链家+市场数据分析＋管培生底薪8000,上海链家地产,10000人以上,民营,8千-9千,本科, ,经验不限
14,数据开发,上海·青浦·徐泾, ,外企德科数字技术有限公司,人力资源服务,10000人以上,1.5万-3万·14薪,本科, ,1-3年
15,数据开发,上海·浦东·金桥, ,外企德科,1000-9999人,合资,1.5万-3万·14薪,本科, ,经验不限
16,数据开发,上海·静安·南京西路, , ,1000-9999人,合资,8千-9千·14薪,大专, ,经验不限
17,数据开发,上海·普陀·石泉路, ,山东申博人力资源有限公司,500-999人,民营,9千-1.1万,学历不限, ,经验不限
18,数据开发,上海·浦东·金桥, ,外企德科,1000-9999人,合资,1.5万-3万·14薪,本科, ,经验不限
19,数据开发,上海·虹口·北外滩,数据工程师,上海胜蓝软件技术服务有限公司,20-99人,民营,8千-1.1万,本科,数据 数据库 SQL,无经验
20,数据开发,上海·静安·大宁路, ,上海东浩人力资源有限公司,100-299人,国企,1.4万-1.7万,本科,Oracle MySQL 达梦 虚谷 海量,1-3年
21,数据开发,上海·松江·中山, ,山东申博人力资源有限公司,500-999人,民营,9千-1万,学历不限, ,经验不限
22,数据开发,上海·松江·九里亭, ,上海秉昭人力资源有限公司,100-299人,事业单位,8千-1.6万,学历不限, ,经验不限
23,数据开发,上海·徐汇·徐家汇,对日Pega开发工程师,杭州优灿科技有限公司,500-999人,合资,1.5万-3万,学历不限,PEGA Oracle MY SQL PEGA CSSA PEGA LSA 日语 对日 N1,1-3年
24,数据开发,上海·浦东·金桥, ,外企德科,1000-9999人,合资,1.5万-3万·14薪,本科, ,经验不限
25,数据开发,上海·松江·洞泾, , ,500-999人,合资,6千-7千,学历不限, ,经验不限
26,数据开发,上海·闵行·莘庄, ,山东申博人力资源有限公司,500-999人,民营,8千-1万·14薪,学历不限, ,经验不限
27,数据开发,上海·杨浦·大桥, , ,1000-9999人,上市公司,面议,本科, ,1-3年
28,数据开发,上海·浦东·金桥, ,外企德科数字技术有限公司,人力资源服务,10000人以上,1.4万-2.8万·16薪,本科, ,经验不限
29,数据开发,上海·徐汇·徐家汇,数据运营实习管培生+底薪8K高提成带薪培训++住宿无忧+晋升空间大 16,上海链家地产,10000人以上,民营,8千-1.6万,本科, ,经验不限
30,数据开发,上海·虹口·北外滩,纯无责8k！月入3-5w精准数据纯坐班,上海榕杉金融信息服务有限公司,20-99人,民营,1.4万-2万,学历不限, ,经验不限
31,数据开发,上海, , ,10000人以上,国企,1.5万-2.3万,本科, ,无经验
32,数据开发,上海·静安·大宁路,数据开发工程师,上海信息人才服务有限公司,100-299人,国企,1.3万-1.5万,本科, ,经验不限
33,数据开发,上海·长宁·新泾,销售数据运营, ,1000-9999人,外商独资,8千-1.1万,本科, ,经验不限
34,数据开发,上海·徐汇·虹梅路,数据清洗专员,大连勇歌科技有限公司,20-99人,股份制企业,7千-1万,大专, ,1年以下
35,数据开发,上海·静安·大宁路,大数据开发工程师,上海信息人才服务有限公司,100-299人,国企,1.5万-2万,本科, ,经验不限
36,数据开发,上海·黄浦·小东门, ,上海吾道信息科技有限公司,10000人以上,民营,7千-1.2万,中专/中技, ,1-3年
37,数据开发,上海·徐汇·徐家汇,数据录入员, ,100-299人,合资,6千-8千,中专/中技, ,经验不限
38,数据开发,上海·静安·大宁路,数据库开发工程师,上海信息人才服务有限公司,100-299人,国企,1.3万-1.8万,大专, ,1-3年
39,数据开发,上海·浦东·张江, , ,10000人以上,国企,8千-1.5万,本科, ,1-3年
40,数据开发,上海·徐汇·龙华, ,上海从开网络科技有限公司,100-299人,民营,1.5万-2.1万,大专, ,3-5年
41,数据开发,上海·普陀·真如,9000+数据线打包搬运/380/天,上海时时送供应链有限公司,100-299人,股份制企业,1.2万-1.5万,学历不限, ,经验不限
42,数据开发,上海·黄浦·南京东路,数据标注,宿州鸿志装饰工程有限公司,IT服务,100-299人,7千-1万,大专, ,1-3年
43,数据开发,上海·浦东·花木,资产管理中心-量化投资部-数据开发工程师G00784,中信期货有限公司,1000-9999人,国企,1.5万-3万,本科, ,1-3年
44,数据开发,上海·虹口·北外滩,数据工程师（研发）,上海胜蓝软件技术服务有限公司,20-99人,民营,8千-1.1万,本科, ,无经验
45,数据开发,上海·浦东·张江,财务专员/采购专员/数据分析专员（泰语/越南语/印尼语）,大连弗斯特高新人才发展管理有限公司,100-299人,民营,8千-1.2万·13薪,大专, ,经验不限
46,数据开发,上海·浦东·潍坊新村,数据统计专员/助理, ,100-299人,合资,7千-9千,大专, ,经验不限
47,数据开发,上海·浦东·金桥, ,外企德科,1000-9999人,合资,1.5万-3万·16薪,本科, ,经验不限
48,数据开发,上海·黄浦·小东门,数据开发（现场面试+薪资面议）,上海信息人才服务有限公司,100-299人,国企,1.3万-2万,学历不限, ,5-10年
49,数据开发,上海·崇明·城桥, ,山东申博人力资源有限公司,500-999人,民营,8千-1.2万,学历不限, ,经验不限
50,数据开发,上海·青浦·赵巷, ,颖润人力资源(昆山)有限公司,1000-9999人,民营,6千-8千,中专/中技, ,经验不限
51,数据开发,上海·静安·大宁路,数据开发（大数据）,上海信息人才服务有限公司,100-299人,国企,1.5万-2万,本科, ,1-3年
52,数据开发,上海·黄浦·外滩, ,江苏鑫瑞源科技有限公司,20-99人,民营,1万-1.5万,大专, ,3-5年
53,数据开发,上海·普陀·真如,上海话标注, ,300-499人,民营,20元/时,学历不限, ,经验不限
54,数据开发,上海·浦东·康桥,数据RPA自动化GPT实习生,上海安进投资管理有限公司,20人以下,民营,120-200/天,本科, ,无经验
55,数据开发,上海·浦东·唐镇,数据管理部模型开发岗, ,10000人以上,上市公司,1.2万-1.8万,硕士, ,经验不限
56,数据开发,上海·虹口·北外滩,大数据工程师,上海胜蓝软件技术服务有限公司,20-99人,民营,8千-1.1万,本科, ,无经验
57,数据开发,上海·杨浦·大桥,数据专员(双休),宿州旭耀数字传媒科技有限公司,20-99人,股份制企业,9千-1.2万,本科, ,经验不限
58,数据开发,上海·浦东·北蔡, ,汉兴弘裕(苏州)企业管理有限公司,500-999人,股份制企业,9千-1万,学历不限, ,经验不限
59,数据开发,上海·徐汇·虹梅路,数据开发工程师, ,1000-9999人,股份制企业,1万-1.6万,本科, ,3-5年
60,数据开发,上海·浦东·金桥, ,外企德科,1000-9999人,合资,1.5万-3万·14薪,本科, ,经验不限
61,数据开发,上海·浦东·潍坊新村, ,盐城百众人力资源有限公司,300-499人,民营,9千-1.2万·13薪,学历不限, ,经验不限
62,数据开发,上海·闵行·莘庄,缺2人！数据社区运营暑假工短期兼职270/天,南阳鹏拓物流服务有限公司,20-99人,其它,8千-1.3万,学历不限, ,经验不限
63,数据开发,上海·闵行·虹桥,数据开发工程师, ,10000人以上,上市公司,1.2万-2.4万,本科, ,5-10年
64,数据开发,上海·浦东·潍坊新村,数据开发-DM数据库的存储过程及视图-java接口, ,300-499人,民营,1.3万-1.5万,本科, ,3-5年
65,数据开发,上海·静安·天目西路,包装数据线丨月入9000,江西君迈人力资源有限公司,1000-9999人,上市公司,9千-1.2万,学历不限, ,无经验
66,数据开发,上海·长宁·新泾,风控大数据管理实习生, ,1000-9999人,上市公司,140-150/天,本科, ,无经验
67,数据开发,上海·浦东·塘桥,大数据开发工程师,上海钦诚信息科技有限公司,计算机软件,20-99人,1.8万-2.3万,本科, ,3-5年
68,数据开发,上海·浦东·塘桥, , ,1000-9999人,上市公司,1.6万-2万,大专, ,5-10年
69,数据开发,上海·长宁·江苏路,数据录入员, ,100-299人,民营,6千-8千,大专, ,1年以下
70,数据开发,上海·青浦·盈浦, , ,20人以下,民营,5千-7千·15薪,中专/中技,图像标注,经验不限
71,数据开发,上海·静安·大宁路,数据开发（线上面试+不倦超好过）,上海信息人才服务有限公司,100-299人,国企,1.4万-1.6万,本科, ,3-5年
72,数据开发,上海·浦东·金桥,数据工程师,上海宇量昇科技有限公司,电子/半导体/集成电路,300-499人,2万-4万·15薪,本科, ,经验不限
73,数据开发,上海·静安·石门二路,数据文员, ,100-299人,民营,7千-8千,大专, ,1-3年
74,数据开发,上海·浦东·康桥,数据治理工程师, ,1000-9999人,上市公司,1.4万-1.6万·13薪,本科, ,3-5年
75,数据开发,上海·浦东·塘桥, ,紫金支点,1000-9999人,民营,1.6万-2.1万,大专, ,5-10年
76,数据开发,上海·静安·石门二路,数据运营助理, ,100-299人,民营,6千-8千,大专, ,1年以下
77,数据开发,上海·静安·北站,"Intern, Business Development (Wholesale) ID162554", ,10000人以上,外商独资,180-192/天,本科, ,无经验
78,数据开发,上海·闵行·浦江,软件实习生(J10393),上海恒为云驰信息技术有限公司武汉分公司,100-299人,民营,170-200/天,本科, ,无经验
79,数据开发,上海·虹口·北外滩,数据开发工程师, ,1000-9999人,上市公司,8千-1.5万,本科, ,经验不限
80,数据开发,上海·浦东·金桥, ,外企德科数字技术有限公司,人力资源服务,10000人以上,2万-4万·14薪,本科, ,经验不限
81,数据开发,上海·嘉定·华新,图文信息中心 软件与数据管理人员,上海工商职业技术学院,300-499人,学校/下级学院,7千-1.4万,硕士,软件 数据 计算机,1-3年
82,数据开发,上海·浦东·陆家嘴,底薪8000+五险一金+实时数据好开单,上海锝升科技有限公司,300-499人,民营,1.5万-2.3万,学历不限, ,1-3年
83,数据开发,上海·浦东·康桥,数据开发工程师, ,1000-9999人,上市公司,1.3万-2.5万,本科, ,1-3年
84,数据开发,上海·浦东·唐镇,大数据开发工程师, ,300-499人,民营,1.3万-1.4万,大专, ,5-10年
85,数据开发,上海·徐汇·徐家汇,数据运营实习管培生+底薪8K高提成带薪培训++住宿无忧+晋升空间大 11,上海链家地产,10000人以上,民营,8千-1.6万,本科, ,经验不限
86,数据开发,上海·浦东·航头, ,江苏温氏优鲜食品有限公司,食品/饮料,10000人以上,5千-7千,大专, ,经验不限
87,数据开发,上海·小东门,数据开发岗 (MJ002144),上海东证期货有限公司,500-999人,国企,1.5万-3万,本科, ,3-5年
88,数据开发,上海·浦东·唐镇,数据库开发工程师, ,10000人以上,民营,1.3万-2万,本科, ,3-5年
89,数据开发,上海·闵行·新虹,网络数据采集员,上海卓斯顿贸易商行,食品/饮料,20-99人,5千-1万,本科, ,1-3年
90,数据开发,上海·黄浦·南京东路, ,福建大千食坊贸易有限公司,100-299人,民营,6千-9千,大专, ,1-3年
91,数据开发,上海·浦东·陆家嘴, ,凯捷中国,10000人以上,外商独资,1.4万-2万·13薪,本科,数据建模 ETL Sql Python Kafka 数据仓库 云,5-10年
92,数据开发,上海·浦东·唐镇,数据开发（熟悉高斯和oracle数据库）, ,10000人以上,其它,1.7万-1.9万,本科, ,5-10年
93,数据开发,上海·浦东·潍坊新村, , ,100-299人,民营,6千-8千,大专, ,1年以下
94,数据开发,上海·黄浦·小东门,etl数据开发工程师, ,1000-9999人,上市公司,1.7万-2万,本科, ,3-5年
95,数据开发,上海·静安·大宁路,数据开发工程师, ,10000人以上,其它,1.2万-2万,本科, ,3-5年
96,数据开发,上海·静安·石门二路,信息数据统计员, ,100-299人,民营,7千-8千,大专, ,经验不限
97,数据开发,上海·浦东·陆家嘴,最精准数据的销售公司 月入五万+社保, ,300-499人,民营,1.5万-3万,学历不限, ,经验不限
98,数据开发,上海·虹口·凉城新村, , ,500-999人,合资,5千-8千,学历不限, ,经验不限
99,数据开发,上海·浦东·陆家嘴,数据开发工程师（外企项目）,凯捷中国,10000人以上,外商独资,1.4万-1.6万·13薪,本科, ,3-5年
100,数据开发,上海·浦东·唐镇,数据库开发工程师, ,500-999人,上市公司,1.3万-1.8万·13薪,本科, ,1-3年
101,数据开发,上海·徐汇·虹梅路,数据治理实施顾问(J11926), ,1000-9999人,股份制企业,7千-1.3万,本科,软件实施 数据仓库 数据中台 数据清洗,经验不限
102,数据开发,上海·静安·南京西路, , ,1000-9999人,合资,1万-1.2万·14薪,大专, ,经验不限
103,数据开发,上海·宝山·高境,数据开发实施工程师, ,10000人以上,民营,1万-1.5万,本科, ,3-5年
104,数据开发,上海·黄浦·南京东路,数据开发,上海共联通信信息发展有限公司,500-999人,国企,1.5万-3万,本科, ,5-10年
105,数据开发,上海·青浦·香花桥, ,颖润人力资源(昆山)有限公司,1000-9999人,民营,7千-9千,学历不限, ,经验不限
106,数据开发,上海·杨浦·五角场,网络数据采集员, ,1000-9999人,合资,7千-1万,本科, ,经验不限
107,数据开发,上海·浦东·张江,大数据开发工程师,上海钦诚信息科技有限公司,计算机软件,20-99人,1.8万-2.4万,本科, ,3-5年
108,数据开发,上海·浦东·花木,数据库开发（上海）,北京阿提拉科技有限公司,300-499人,民营,1.8万-2万,本科, ,3-5年
109,数据开发,上海·浦东·陆家嘴,月入6w+接受小白/分配精准数据50条,融亿诚信息技术(深圳)有限公司,100-299人,民营,2.1万-3.5万,学历不限,个人客户 医疗机构 院校客户 课程销售 医疗销售 邀约客服,经验不限
110,数据开发,上海·浦东·张江,"Senior Technical Supervisor, Medical Writing", ,1000-9999人,外商独资,面议,本科, ,1-3年
111,数据开发,上海·黄浦·小东门,数据开发工程师（中原上海）,天宇正清科技有限公司,500-999人,民营,1.3万-1.7万,本科, ,3-5年
112,数据开发,上海·浦东·潍坊新村,数据开发（报表开发+金融经验）,上海锐赢,20-99人,民营,1.2万-2万,大专, ,3-5年
113,数据开发,上海·浦东·金桥, ,外企德科数字技术有限公司,人力资源服务,10000人以上,1.5万-3万·14薪,本科, ,经验不限
114,数据开发,上海·浦东·洋泾, ,北京新诚优聘咨询服务有限公司,1000-9999人,合资,6千-8千,学历不限, ,经验不限
115,数据开发,上海·金山·亭林,数据开发工程师,上海南洋电缆有限公司,500-999人,民营,1.5万-2万·13薪,本科, ,3-5年
116,数据开发,上海·闵行·新虹,遥感大数据开发工程师, ,500-999人,合资,1.2万-2.4万,本科, ,3-5年
117,数据开发,上海·嘉定·安亭, ,苏州仁硕企业管理服务有限公司,20-99人,民营,7千-1.2万,学历不限, ,经验不限
118,数据开发,上海·徐汇·徐家汇,数据统计员, ,100-299人,合资,6千-8千,大专, ,经验不限
119,数据开发,上海·闵行·新虹, ,安普诺克科技集团有限公司,100-299人,民营,1.8万-1.9万,本科, ,3-5年
120,数据开发,上海·浦东·陆家嘴,数据开发（基金公司驻场+福利优）,上海锐赢,20-99人,民营,1.5万-2万,本科, ,1-3年
121,数据开发,上海·杨浦·五角场,数据统计员, ,1000-9999人,合资,8千-1万,本科, ,经验不限
122,数据开发,上海·闵行·新虹, ,湖州轩逸人力资源服务有限公司,1000-9999人,民营,7千-8千,学历不限, ,1-3年
123,数据开发,上海·静安·大宁路,大数据开发工程师,上海威联信息技术有限公司,100-299人,民营,1.8万-2.2万,本科, ,5-10年
124,数据开发,上海·浦东·唐镇, , ,500-999人,上市公司,1.5万-2万,本科, ,3-5年
125,数据开发,上海·静安·石门二路,数据统计员, ,100-299人,民营,6千-7千,大专, ,经验不限
126,数据开发,上海·奉贤·奉浦, , ,500-999人,民营,1.5万-2万,本科, ,1-3年
127,数据开发,上海·浦东·康桥,数据开发,上海共联通信信息发展有限公司,500-999人,国企,1.5万-3万,本科, ,5-10年
128,数据开发,上海·浦东·潍坊新村, , ,100-299人,民营,7千-8千,大专, ,1-3年
129,数据开发,上海·静安·南京西路, ,讯升(上海)人力资源有限公司成都分公司,100-299人,外商独资,1.8万-3.5万·14薪,学历不限, ,经验不限
130,数据开发,上海·浦东·塘桥,数据开发岗, ,500-999人,民营,1万-1.5万,本科, ,3-5年
131,数据开发,上海·静安·石门二路,数据分析员, ,100-299人,民营,7千-9千,本科, ,经验不限
132,数据开发,上海·浦东·塘桥, ,大连铭信科技发展有限公司,20-99人,民营,1.8万-2万,大专, ,5-10年
133,数据开发,上海·浦东·张江,上海-金融数据分析主管-9-6双休-五险一金-, ,1000-9999人,民营,1.6万-1.8万·13薪,大专, ,1-3年
134,数据开发,上海·长宁·江苏路,数据统计分析助理,上海旗盈企业管理咨询有限公司,100-299人,民营,6千-8千,大专, ,经验不限
135,数据开发,上海·浦东·陆家嘴,大数据开发工程师,上海问道云人工智能科技有限公司,20-99人,民营,1.5万-2万,本科, ,1-3年
136,数据开发,上海·浦东·花木, , ,1000-9999人,股份制企业,3万-3.5万,本科, ,5-10年
137,数据开发,上海·莘庄,贝壳找房 线上运营 网络销售 数据支持 统招本科及以上学历,上海链家地产,10000人以上,民营,8千-1.5万,本科, ,经验不限
138,数据开发,上海·浦东·陆家嘴,数据爬虫工程师,上海问道云人工智能科技有限公司,20-99人,民营,1.5万-2万,本科, ,3-5年
139,数据开发,上海·长宁·新华路,大数据平台研发工程师, ,300-499人,上市公司,1万-1.5万,本科,Java Spring Struts Mybatis MySQL Flink,1-3年
140,数据开发,上海·浦东·唐镇,数据开发工程师, ,300-499人,股份制企业,1.8万-2.1万,本科, ,5-10年
141,数据开发,上海·浦东·花木,数据分析专员, ,10000人以上,外商独资,1万-1.5万,本科,Power BI Python Tableau SQL,3-5年
142,数据开发,上海·徐汇·龙华, ,外企德科数字技术有限公司,人力资源服务,10000人以上,9千-1.3万,本科, ,1-3年
143,数据开发,上海·黄浦·南京东路,数据开发,上海共联通信信息发展有限公司,500-999人,国企,1.5万-3万,本科, ,5-10年
144,数据开发,上海·浦东·陆家嘴,云数据库开发工程师,凯捷中国,10000人以上,外商独资,1.6万-2.2万·13薪,学历不限, ,5-10年
145,数据开发,上海·浦东·陆家嘴,精准数据+高提成，新人月入五万,上海锝升科技有限公司,300-499人,民营,1.9万-3万,学历不限, ,经验不限
146,数据开发,上海·黄浦·打浦桥,数据管理（日语佳，应届生欢迎）,上海熙鸿广告有限公司, , ,6千-1万·15薪,本科, ,经验不限
147,数据开发,上海·黄浦·小东门,中级数据开发,上海信息人才服务有限公司,100-299人,国企,1.6万-1.9万,大专, ,5-10年
148,数据开发,上海·浦东·张江,高级数据开发工程师,上海西信软件工程有限公司,100-299人,民营,1.5万-2.5万,大专, ,5-10年
149,数据开发,上海·浦东·金桥,数据分析师,北京京铭宏硕科技有限公司,100-299人,民营,7千-9千·13薪,大专, ,经验不限
150,数据开发,上海·浦东·康桥, , ,500-999人,合资,6千-8千,学历不限, ,经验不限
151,数据开发,上海·浦东·康桥, ,上海信息人才服务有限公司,100-299人,国企,1.6万-1.8万,本科, ,5-10年
152,数据开发,上海·浦东·唐镇,数据开发工程师, ,10000人以上,其它,1.5万-1.9万,本科, ,5-10年
153,数据开发,上海·嘉定·安亭, , ,500-999人,合资,6千-7千,学历不限, ,经验不限
154,数据开发,上海·静安·大宁路,实习生（数据建设）,上海克而瑞信息技术有限公司,1000-9999人,外商独资,150-200/天,本科, ,无经验
155,数据开发,上海·浦东·潍坊新村,高级大数据开发工程师(J14899), ,1000-9999人,上市公司,1万-2万·14薪,本科, ,3-5年
156,数据开发,上海·浦东·唐镇, , ,500-999人,上市公司,1.2万-1.8万,本科, ,3-5年
157,数据开发,上海·普陀·长寿路,数据处理实习生,上海鋆樊信息咨询有限公司,20-99人,民营,8千-1.6万,大专,Sql Python R语言 数据治理,1-3年
158,数据开发,上海·浦东·陆家嘴, ,福建合诚信息科技有限公司,100-299人,民营,1万-1.4万,本科, ,经验不限
159,数据开发,上海·浦东·三林, ,深圳极联信息技术股份有限公司,500-999人,民营,9千-1.4万,本科, ,3-5年
160,数据开发,上海·黄浦·南京东路,数据标注专员,上海慧铂信息技术有限公司,300-499人,民营,5千-7千,大专, ,经验不限
161,数据开发,上海·闵行·华漕,订单与ERP数据管理员,上海大简农业科技有限公司,100-299人,民营,5千-8千,大专, ,经验不限
162,数据开发,上海·浦东·三林, ,深圳极联信息技术股份有限公司,500-999人,民营,1.2万-1.4万,本科, ,3-5年
163,数据开发,上海·浦东·唐镇,数据开发（oracle转GBase）, ,10000人以上,其它,1.6万-1.9万,本科, ,经验不限
164,数据开发,上海·嘉定·外冈,大数据开发工程师(J11385), ,10000人以上,民营,1.5万-2.5万·13薪,本科, ,5-10年
165,数据开发,上海·浦东·张江,数据调查分析（实习岗）,上海数治数据科技有限公司,20-99人,民营,150-200/天,本科,数据分析 SPSS 机器学习 数据建模 Python 数据挖掘 数据治理 行业分析,无经验
166,数据开发,上海·虹口·北外滩,理赔服务部数据分析岗,中国人寿财产保险股份有限公司上海市分公司,500-999人,国企,8千-1.5万,本科, ,1-3年
167,数据开发,上海·徐汇·枫林路,大数据开发工程师,维恩贝特科技有限公司,500-999人,民营,1.7万-2万,本科, ,5-10年
168,数据开发,上海·徐汇·田林, ,上海微创软件股份有限公司,10000人以上,合资,1.4万-1.8万,本科, ,5-10年
169,数据开发,上海·长宁·虹桥,【实习岗】数据录入兼基础文案编辑,全益(上海)人力资源有限公司,20-99人,民营,3千-6千,大专, ,1-3年
170,数据开发,上海·浦东·陆家嘴,总行-信息科技岗（数仓）,国泰世华银行(中国)有限公司,300-499人,港澳台公司,1万-2万,本科,Java 数仓开发 报表开发,经验不限
171,数据开发,上海·静安·彭浦,数据治理顾问,河南驰鹏科技有限公司,20-99人,其它,1.5万-2.9万,本科, ,3-5年
172,数据开发,上海·浦东·陆家嘴, ,上海钦诚信息科技有限公司,计算机软件,20-99人,1.5万-2.5万,本科, ,3-5年
173,数据开发,上海·浦东·唐镇,太平金运-数据管理岗,太平金融运营服务(上海)有限公司,1000-9999人,国企,9千-1.5万·16薪,本科,保险数据分析,3-5年
174,数据开发,上海·黄浦·南京东路,销售订单管理专员（数据统计分析）,四川锦蓉川吉科技有限公司,100-299人,民营,5千-7千,大专, ,经验不限
175,数据开发,上海·普陀·长征, ,弈人科技,20人以下,民营,1.1万-1.3万·13薪,本科, ,3-5年
176,数据开发,上海·浦东·陆家嘴, ,外企德科,1000-9999人,合资,1.4万-1.9万,本科, ,3-5年
177,数据开发,上海·杨浦·五角场,数据标注专员, ,1000-9999人,合资,7千-1万,本科, ,经验不限
178,数据开发,上海·浦东·陆家嘴,线上电商数据录入员,北京飞瑞咨询有限公司,20-99人,外商独资,1万-1.8万,大专, ,1-3年
179,数据开发,上海·浦东·潍坊新村,TDH大数据开发, ,1000-9999人,股份制企业,1万-1.6万,大专, ,5-10年
180,数据开发,上海·浦东·三林,ETL数据开发工程师（英语熟练）,阿尔泰克,1000-9999人,外商独资,1.5万-2万,本科, ,5-10年
181,数据开发,上海·徐汇·虹梅路,c端+线上，综合型投资，以大数据做支撑新运营,上海链家地产,10000人以上,民营,6千-1.2万,本科,市场数据分析,经验不限
182,数据开发,上海·虹口·江湾,管培生（数据分析）,上海天籍信息科技有限公司,20-99人,民营,7千-1万,硕士,数据分析 Python Sql SPSS,1年以下
183,数据开发,上海·虹口·北外滩,Java高级开发工程师（大数据方向）,郑州海奥软件科技有限公司,100-299人,民营,1.5万-1.7万,本科, ,5-10年
184,数据开发,上海·长宁·新泾,大数据开发工程师, ,1000-9999人,民营,2万-2.5万,本科, ,5-10年
185,数据开发,上海·宝山·大场, , ,500-999人,合资,6千-7千,学历不限, ,经验不限
186,数据开发,上海·嘉定·南翔,上海-数据爬虫工程师,广州海之鑫营销策划有限公司,20-99人,其它,8千-1.2万,本科, ,3-5年
187,数据开发,上海·浦东·三林,大数据开发（现场面试）,深圳极联信息技术股份有限公司,500-999人,民营,1.3万-1.4万,本科, ,3-5年
188,数据开发,上海·浦东·康桥,前端开发工程师-大数据方向, ,1000-9999人,上市公司,1.5万-2.3万,本科, ,3-5年
189,数据开发,上海·长宁·虹桥,数据分析师（助理）,上海慧之昀软件有限公司,IT服务,20-99人,6千-7千·13薪,大专,SQL SPSS SAS Tableau 运营数据分析 销售数据分析 商业数据分析,1年以下
190,数据开发,上海·长宁·江苏路,数据专员, ,100-299人,民营,6千-9千,大专, ,经验不限
191,数据开发,上海·闵行·虹桥,大数据研发经理(J10031),三星财产保险(中国)有限公司,300-499人,外商独资,2万-3.5万·15薪,本科,数据平台,3-5年
192,数据开发,上海·浦东·张江,大数据开发工程师（全额公积金）,北京宜通华瑞科技有限公司,1000-9999人,民营,1.8万-2.5万·13薪,本科, ,3-5年
193,数据开发,上海·浦东·陆家嘴,年入百万不是问题+精准数据+电话客服,上海资佑金融信息服务有限公司,20-99人,其它,1.9万-2.7万,学历不限,电话销售 全白班,经验不限
194,数据开发,上海·浦东·陆家嘴,业务研究助理（信用数据方向）,交银企业管理服务(上海)有限公司,1000-9999人,国企,6千-8千,本科, ,经验不限
195,数据开发,上海·静安·大宁路,Data Engineer,范速汽车技术(上海)有限公司,20人以下,民营,2万-4万,本科, ,5-10年
196,数据开发,上海·杨浦·大桥,高级数据工程师,国泰财产保险有限责任公司,500-999人,合资,2.5万-3.5万·15薪,本科,数据建模 数据仓库,5-10年
197,数据开发,上海·浦东·张江,应用运维工程师（数据中心项目）,交银企业管理服务(上海)有限公司,1000-9999人,国企,1万-1.5万,本科,应用运维,经验不限
198,数据开发,上海·徐汇·虹梅路,大数据、线上，综合型销售，C端做支撑新运营,上海链家地产,10000人以上,民营,6千-1.2万,本科,教育培训 电销 全国 贷款行业 O2O 不出差 个人客户（2C） 房地产,经验不限
199,数据开发,上海·徐汇·枫林路, , ,1000-9999人,民营,1.4万-1.9万,本科, ,5-10年
200,数据开发,上海·浦东·金桥,数据治理工程师,维世致新(上海)智能技术有限公司,20-99人,合资,1.2万-1.6万·13薪,本科, ,1-3年
201,数据开发,上海·长宁·新泾,金融数据分析专员, ,1000-9999人,上市公司,8千-1.2万·14薪,本科, ,1-3年
202,数据开发,上海·浦东·陆家嘴,房抵客户经理/每天30新数据,上海致牌金融信息服务有限公司,20-99人,民营,1.8万-2.5万,学历不限, ,经验不限
203,数据开发,上海·浦东·金桥, , ,500-999人,合资,1.6万-1.7万,本科,Sql FINEBI ETL,3-5年
204,数据开发,上海·浦东·南汇新城,数据治理工程师（临港）,维世致新(上海)智能技术有限公司,20-99人,合资,1.2万-1.6万·13薪,本科, ,1-3年
205,数据开发,上海·浦东·唐镇,数据中心UPS工程师,上海羽沃电子有限公司,20-99人,民营,7千-1.2万,中专/中技, ,经验不限
206,数据开发,上海·浦东·陆家嘴,无需外出/客户经理+30新数据/天,融亿诚信息技术(深圳)有限公司,100-299人,民营,1.8万-2.6万,学历不限, ,经验不限
207,数据开发,上海·黄浦·淮海中路,仿真数据工程师(J10039), ,100-299人,上市公司,2万-3.5万,硕士,Java Python C++,3-5年
208,数据开发,上海·徐汇·枫林路, , ,1000-9999人,民营,1.4万-1.9万,本科, ,3-5年
209,数据开发,上海·浦东·花木, ,申正(上海)劳务派遣有限公司,300-499人,民营,8千-1.5万·13薪,学历不限, ,经验不限
210,数据开发,上海·浦东·陆家嘴,陆家嘴客户经理/每天30新数据/客户主动上门,上海致牌金融信息服务有限公司,20-99人,民营,1.8万-2.5万,学历不限, ,经验不限
211,数据开发,上海·浦东·周家渡,高级数据开发工程师（银行驻场+5年以上）,上海锐赢,20-99人,民营,1.5万-1.9万,大专, ,5-10年
212,数据开发,上海·虹口·北外滩,数据ETL开发工程师,北京阿提拉科技有限公司,300-499人,民营,1万-1.6万,本科, ,3-5年
213,数据开发,上海·浦东·张江,数据助理（派遣）,上海盛业实业有限公司,20-99人,外商独资,7千-9千·13薪,大专, ,经验不限
214,数据开发,上海·普陀·长寿路, ,山东浪潮数字服务有限公司,500-999人,国企,8千-1万,大专,数据建模 数据分析,3-5年
215,数据开发,上海·杨浦·新江湾城,数据中心DCIM动环监控开发岗,上海共启网络科技有限公司,20-99人,民营,7千-1万·13薪,大专, ,1-3年
216,数据开发,上海·黄浦·小东门,数据开发工程师, ,1000-9999人,上市公司,1.5万-2.1万,本科, ,5-10年
217,数据开发,上海·浦东·陆家嘴,银行贷款+50%提成+人工筛选实时数据,上海资佑金融信息服务有限公司,20-99人,其它,5万-10万,高中, ,经验不限
218,数据开发,上海·浦东·曹路, ,上海励汇企业管理咨询有限公司,500-999人,民营,1.4万-1.6万,大专, ,1-3年
219,数据开发,上海·浦东·金桥, ,康嘉信息,20-99人,民营,1.8万-2万,大专, ,3-5年
220,数据开发,上海·杨浦·平凉路,数据工程师, ,1000-9999人,上市公司,2万-3万,本科,Hadoop Spark Scala Shell,3-5年
221,数据开发,上海·浦东·唐镇,用户数据管理+周末双休+不加班+不销售+六险两金, ,10000人以上,上市公司,面议,大专, ,经验不限
222,数据开发,上海·浦东·陆家嘴,金融销售+50%提成+人工筛选精准数据,上海资佑金融信息服务有限公司,20-99人,其它,2万-2.1万,学历不限, ,经验不限
223,数据开发,上海·浦东·张江,ML工程师/数据科学家（英语）,上海西信软件工程有限公司,100-299人,民营,1.5万-2.2万,本科, ,5-10年
224,数据开发,上海·浦东·花木,资深大数据开发工程师, ,1000-9999人,股份制企业,3万-3.5万,本科, ,5-10年
225,数据开发,上海·闵行·浦江,数仓工程师（实习生）(J10304), ,1000-9999人,民营,200-250/天,本科,数仓开发 Python,无经验
226,数据开发,上海·浦东·陆家嘴,咨询服务+30个新数据/天,融亿诚信息技术(深圳)有限公司,100-299人,民营,2万-4万,中专/中技, ,经验不限
227,数据开发,上海·浦东·唐镇,数据库开发工程师, ,1000-9999人,股份制企业,1.9万-2.1万,本科, ,5-10年
228,数据开发,上海·徐汇·徐家汇,大数据开发工程师(J11893), ,1000-9999人,民营,1.5万-2.5万,本科, ,3-5年
229,数据开发,上海·青浦·盈浦, ,安徽正多人力资源服务有限公司,1000-9999人,民营,6千-9千,大专, ,经验不限
230,数据开发,上海·松江·洞泾,数据标注实习生,上海淡竹体育科技有限公司,100-299人,民营,150-200/天,本科, ,无经验
231,数据开发,上海·浦东·张江,大数据开发工程师,北京宜通华瑞科技有限公司,1000-9999人,民营,2万-2.4万·13薪,本科, ,5-10年
232,数据开发,上海·静安·大宁路,前端开发（大数据）,上海信息人才服务有限公司,100-299人,国企,1.5万-2万,本科, ,3-5年
233,数据开发,上海·浦东·南汇新城,数据员（上海南港）,辽宁华通汽车供应链有限公司,500-999人,民营,5千-6千·13薪,大专, ,经验不限
234,数据开发,上海·杨浦·五角场,数据开发工程师,上海比孚信息科技有限公司,100-299人,民营,1万-1.5万,本科, ,3-5年
235,数据开发,上海·静安·大宁路,java（大数据）,上海信息人才服务有限公司,100-299人,国企,1.5万-2万,本科, ,3-5年
236,数据开发,上海·浦东·陆家嘴, ,凯捷中国,10000人以上,外商独资,1.5万-2万·13薪,本科,数据建模 金融银行业,3-5年
237,数据开发,上海·徐汇·徐家汇, , ,1000-9999人,民营,8千-1.6万,大专, ,经验不限
238,数据开发,上海·闵行·浦江,实效检查员,上海旭中市场信息咨询有限公司,20-99人,民营,6千-1万,大专, ,经验不限
239,数据开发,上海·虹口·北外滩,java大数据开发工程师,郑州海奥软件科技有限公司,100-299人,民营,1.4万-1.8万,本科, ,5-10年
240,数据开发,上海·浦东·张江,应用运维开发工程师（数据中心项目）,交银企业管理服务(上海)有限公司,1000-9999人,国企,1.2万-1.5万,本科, ,3-5年
241,数据开发,上海·浦东·周家渡,数据录入员（可实习）,上海坤元信息科技有限公司,20-99人,民营,3千-5千,大专, ,经验不限
242,数据开发,上海·虹口·北外滩,数据统计员,宿州九霄云网络科技有限公司,人力资源服务,20-99人,8千-1.1万,本科, ,1-3年
243,数据开发,上海·浦东·曹路, ,上海励汇企业管理咨询有限公司,500-999人,民营,2.5万-3.5万,本科, ,5-10年
244,数据开发,上海·浦东·三林, ,深圳极联信息技术股份有限公司,500-999人,民营,1.2万-1.4万,本科, ,3-5年
245,数据开发,上海·闵行·虹桥, , ,10000人以上,国企,7千-1万,本科, ,经验不限
246,数据开发,上海·长宁·江苏路,数据标注专员,上海旗盈企业管理咨询有限公司,100-299人,民营,5千-6千,大专, ,经验不限
247,数据开发,上海·闵行·虹桥, , ,10000人以上,民营,1.1万-1.2万,本科, ,1-3年
248,数据开发,上海·徐汇·田林, ,上海微创软件股份有限公司,10000人以上,合资,1.6万-1.8万,本科,数据治理 Java,5-10年
249,数据开发,上海·静安·静安寺,数据分析实习生（上海 静安 500强）,上海中智项目外包咨询服务有限公司,1000-9999人,国企,170-180/天,本科, ,无经验
250,数据开发,上海·闵行·颛桥,数据处理员（数据标注）,上海熠朗信息科技有限公司,20-99人,民营,80-100/天,大专, ,无经验
251,数据开发,上海·嘉定·新成路,数据库开发工程师,山东伯睿英联企业管理咨询有限公司,20-99人,股份制企业,3万-5万·14薪,本科, ,3-5年
252,数据开发,上海·杨浦·江浦路,资深数据开发工程师, ,10000人以上,民营,1.8万-2万,本科, ,5-10年
253,数据开发,上海·闵行·江川路, ,上海紫竹人力资源服务有限公司,100-299人,民营,4千-5千,学历不限, ,经验不限
254,数据开发,上海·浦东·陆家嘴,办公室销售+30新数据/天,融亿诚信息技术(深圳)有限公司,100-299人,民营,1.8万-2.6万,高中, ,经验不限
255,数据开发,上海·杨浦·江浦路, ,北京瑞友科技股份有限公司,1000-9999人,民营,1.6万-1.8万,本科,Sql HANA SNOWFLAKE,3-5年
256,数据开发,上海·浦东·陆家嘴,Data Engineer,凯捷中国,10000人以上,外商独资,1.5万-2万·13薪,本科, ,5-10年
257,数据开发,上海·杨浦·五角场,数据标注专员,上海科迪威贸易商行,云计算/大数据,20人以下,6千-1.2万,本科, ,1-3年
258,数据开发,上海·静安·天目西路,数据分析师（应届生）,敏捷艾科,20-99人,民营,8千-1万·13薪,本科, ,无经验
259,数据开发,上海·青浦·华新,大数据专家,智联猎头,1000-9999人,其它,3.5万-4.5万,本科, ,5-10年
260,数据开发,上海·浦东·南码头路,高级大数据开发工程师,杭州中港科技有限公司,300-499人,民营,1.5万-2.5万,本科, ,5-10年
261,数据开发,上海·徐汇·虹梅路,高端、线上，综合型销售，以大数据做支撑新运营,上海链家地产,10000人以上,民营,6千-1.2万,本科,房地产 咨询服务,经验不限
262,数据开发,上海·黄浦·南京东路, ,上海矢村电子有限公司,20人以下,民营,8千-1.2万·14薪,本科, ,经验不限
263,数据开发,上海·杨浦·江浦路, , ,10000人以上,民营,1.2万-1.9万,本科, ,3-5年
264,数据开发,上海·徐汇·龙华,大数据开发（C端应用）-SH, ,1000-9999人,上市公司,2万-2.2万,本科, ,5-10年
265,数据开发,上海·浦东·洋泾,在线运维数据审核师,上海清煜环保科技有限公司,20-99人,合资,6千-1.2万,大专, ,3-5年
266,数据开发,上海·浦东·陆家嘴,精准客户数据/提成50%无需外出/小白有人带月薪3w+,融亿诚信息技术(深圳)有限公司,100-299人,民营,1.7万-3万,大专,企业客户 个人客户 电话销售 房地产 电话客服,经验不限
267,数据开发,上海·普陀·长风新村, ,上海青凤信息科技有限公司,20-99人,民营,3.5万-4.5万,本科,Java Hadoop,5-10年
268,数据开发,上海·虹口·曲阳路,大数据开发经理, ,10000人以上,民营,2万-2.8万,本科, ,10年以上
269,数据开发,上海·静安·大宁路, ,上海瑞稼房地产经纪有限公司,100-299人,民营,8千-1.2万,大专, ,经验不限
270,数据开发,上海·浦东·花木, , ,500-999人,合资,6千-7千,学历不限, ,经验不限
271,数据开发,上海·嘉定·新成路,大数据工程师,山东伯睿英联企业管理咨询有限公司,20-99人,股份制企业,4万-5万·14薪,本科,Python Shell SQL Scala,5-10年
272,数据开发,上海·杨浦·江浦路, , ,10000人以上,其它,1.6万-1.9万,本科, ,3-5年
273,数据开发,上海·杨浦·江浦路, , ,1000-9999人,国企,8千-9千,本科, ,经验不限
274,数据开发,上海·浦东·唐镇,数据接入与治理岗（上海）,昆仑太科(北京)技术股份有限公司,300-499人,国企,8千-1.5万,本科,R语言 金融数据分析,经验不限
275,数据开发,上海·杨浦·新江湾城,Data supply chain,阿尔泰克,1000-9999人,外商独资,1.5万-2万,大专, ,5-10年
276,数据开发,上海·浦东·张江, ,大连思泰克科技有限公司,100-299人,外商独资,1.5万-2.5万·13薪,大专, ,5-10年
277,数据开发,上海·长宁·新泾,ai数据标注,上海微创软件股份有限公司,10000人以上,合资,9千-1万,大专, ,1-3年
278,数据开发,上海·长宁·江苏路,市场营销部数据专员,上海旗盈企业管理咨询有限公司,100-299人,民营,5千-7千,大专, ,经验不限
279,数据开发,上海·静安·南京西路,电信云网大数据平台运维工程师,上海安迪人力资源服务有限公司,500-999人,股份制企业,2万-2.5万,本科,Hadoop Flink Spark Impala Kudu 数据平台 HBase,3-5年
280,数据开发,上海·浦东·张江, ,萨孚凯信息系统(无锡)有限公司,100-299人,外商独资,2万-3万·13薪,大专, ,10年以上
281,数据开发,上海·浦东·陆家嘴,房抵贷款专员/每天30条新数据,上海致牌金融信息服务有限公司,20-99人,民营,2万-3万,学历不限, ,经验不限
282,数据开发,上海·浦东·金杨新村,销售经理、数据分析、储备店长、无责保障底薪8k,上海链家地产,10000人以上,民营,1.1万-2.2万,本科, ,经验不限
283,数据开发,上海·普陀·长风新村,大数据平台工程师（Apache Superset方向）, ,10000人以上,民营,3万-3.5万,本科,APACHE SUPERSET,5-10年
284,数据开发,上海·浦东·陆家嘴,贷款客户经理/每天30新数据/客户主动上门,上海致牌金融信息服务有限公司,20-99人,民营,1.8万-2.5万,学历不限, ,经验不限
285,数据开发,上海·徐汇·虹梅路,线下+线上，综合型投资，以大数据做支撑新运营,上海链家地产,10000人以上,民营,6千-1.2万,本科,市场数据分析,经验不限
286,数据开发,上海·宝山·高境, , ,10000人以上,民营,1.4万-1.8万·13薪,本科,DGC,3-5年
287,数据开发,上海·黄浦·半淞园路,大数据运维工程师, ,100-299人,股份制企业,8千-1.5万,本科, ,1-3年
288,数据开发,上海·静安·南京西路,销售顾问＋数据分析+资产管理专家,上海链家地产,10000人以上,民营,1.3万-1.8万,本科, ,经验不限
289,数据开发,上海·长宁·江苏路,数据统计员, ,100-299人,民营,6千-7千,大专, ,经验不限
290,数据开发,上海·虹桥,数据分析（销售支持）, ,10000人以上,上市公司,6千-1万·13薪,本科, ,1年以下
291,数据开发,上海·黄浦·打浦桥, ,浙江金诺通科技有限公司,100-299人,民营,5千-8千,大专, ,1-3年
292,数据开发,上海·闵行·新虹,建筑数据工程师实习生, ,1000-9999人,民营,150-250/天,本科, ,无经验
293,数据开发,上海·浦东·陆家嘴,银行贷款/每天30条新数据,上海致牌金融信息服务有限公司,20-99人,民营,2万-3万,学历不限, ,经验不限
294,数据开发,上海·浦东·张江, ,安徽长至企业管理有限公司,企业服务,20人以下,1.5万-2.2万,本科, ,1-3年
295,数据开发,上海·闵行·吴泾,数据分析师,高恩船舶维护技术咨询(上海)有限公司,20-99人,外商独资,8千-1.4万,学历不限, ,经验不限
296,数据开发,上海·徐汇·徐家汇, ,上海思勃商务咨询有限公司,20-99人,民营,6千-8千·13薪,本科, ,经验不限
297,数据开发,上海·浦东·陆家嘴,电话销售无责六千精准数据福利多多,上海锝升科技有限公司,300-499人,民营,1.5万-2万·13薪,学历不限, ,经验不限
298,数据开发,上海·松江·中山,数据分析助理,杭州新美营销管理有限公司,100-299人,民营,5千-7千,大专, ,1-3年
299,数据开发,上海·浦东·航头,销售数据信息员,上海臻闳汽车销售有限公司,汽车研发/制造,20-99人,6千-8千,中专/中技, ,1-3年
300,数据开发,上海·虹桥, , ,10000人以上,股份制企业,1万-2万·14薪,本科,贷后管理 数据分析 SAS SQL Python,1-3年
301,数据开发,上海·浦东·张江,数据分析岗,上海数治数据科技有限公司,20-99人,民营,5千-8千·14薪,大专,数据分析 SPSS 数据挖掘 Python 机器学习 数据建模 数据治理 行业分析,经验不限
302,数据开发,上海·长宁·江苏路,数据标注员, ,100-299人,民营,6千-8千,大专, ,1年以下
303,数据开发,上海·长宁·新泾, ,泉盛餐饮(上海)有限公司,1000-9999人,外商独资,1.5万-2万,大专,SQL 报表开发 Power BI,1-3年
304,数据开发,上海·闵行·虹桥,数据分析员, ,10000人以上,上市公司,6千-8千,本科, ,1-3年
305,数据开发,上海·杨浦·四平路, ,上海欧萨数据技术有限公司,100-299人,民营,1万-1.3万,本科, ,经验不限
306,数据开发,上海·静安·大宁路,数据顾问/项目经理, ,10000人以上,其它,1万-2万,大专, ,3-5年
307,数据开发,上海·徐汇·虹梅路,比邻商务区，人气足+不动产综合销售，数据分析+五险一金,上海链家地产,10000人以上,民营,8千-1.6万,本科, ,经验不限
308,数据开发,上海·浦东·北蔡, ,本冠生物科技(上海)有限公司,20-99人,民营,6千-8千,大专, ,1-3年
309,数据开发,上海·闵行·江川路,IOT数据采集工程师（上海-闵行区）,上海江崎格力高食品有限公司,1000-9999人,外商独资,面议,本科, ,经验不限
310,数据开发,上海·长宁·虹桥,霸王茶姬-初级数据分析-上海(A107625), ,1000-9999人,民营,8千-1万,本科, ,1-3年
311,数据开发,上海·徐汇·漕河泾,数据专员,上海三渡,100-299人,民营,7千-1万·13薪,本科, ,1-3年
312,数据开发,上海·闵行·新虹,数据统计员,上海卓斯顿贸易商行,食品/饮料,20-99人,6千-1万,本科, ,1-3年
313,数据开发,上海·闵行·颛桥,管培生+住宿方案+保障8k+全面培训1V1带教+贷款金融数据运营,上海链家地产,10000人以上,民营,8千-1.6万,本科,住宅房产 商业房产 办公房产 新房 二手房 别墅 电话销售 网络销售 门店销售 五险一金 年终奖金 团建福利 带薪培训 带薪年假,经验不限
314,数据开发,上海·嘉定·安亭,数据录入（实习生）, ,100-299人,民营,150-180/天,大专, ,无经验
315,数据开发,上海·黄浦·小东门,信用交易总部数据分析实习生, ,1000-9999人,上市公司,50-100/天,硕士, ,无经验
316,数据开发,上海·闵行·虹桥, ,上海链家地产,10000人以上,民营,8千-1.6万,本科, ,经验不限
317,数据开发,上海·宝山·杨行,数据文员,上海万色供应链管理有限公司,500-999人,民营,5千-6千,大专, ,3-5年
318,数据开发,上海·浦东·洋泾, ,北京新诚优聘咨询服务有限公司,1000-9999人,合资,6千-7千,学历不限, ,经验不限
319,数据开发,上海·浦东·金杨新村,房产大数据置业顾问,上海链家地产,10000人以上,民营,8千-9千,本科, ,经验不限
320,数据开发,上海·闵行·华漕,订单与ERP数据管理主管,上海大简农业科技有限公司,100-299人,民营,7千-9千,大专, ,3-5年
321,数据开发,上海·浦东·唐镇, , ,300-499人,外商独资,5千-7千,大专, ,经验不限
322,数据开发,上海·杨浦·五角场,数据运营,上海辰玉贸易有限公司,零售/批发,20-99人,1万-1.1万,本科, ,1-3年
323,数据开发,上海·杨浦·五角场,网络数据采集员,上海科迪威贸易商行,云计算/大数据,20人以下,5千-1万,本科, ,1-3年
324,数据开发,上海·徐汇·湖南路, ,金杜律师事务所,1000-9999人,合资,面议,本科, ,无经验
325,数据开发,上海·徐汇·斜土路,sfe数据分析专员, ,1000-9999人,上市公司,1万-1.5万,本科, ,经验不限
326,数据开发,上海·浦东·金桥, , ,1000-9999人,上市公司,8千-1万,本科, ,经验不限
327,数据开发,上海·普陀·长寿路, ,山东浪潮数字服务有限公司,500-999人,国企,9千-1万,大专,数据治理 Python,3-5年
328,数据开发,上海·青浦·朱家角, ,河北荟思信息咨询服务有限公司,20-99人,民营,1万-1.2万,本科, ,1-3年
329,数据开发,上海·徐汇·田林, ,上海链家地产,10000人以上,民营,8千-1.6万,本科, ,经验不限
330,数据开发,上海·长宁·新华路,数据分析师,宽岱睿保(上海)信息技术有限公司,20-99人,民营,8千-1.5万·14薪,大专, ,经验不限
331,数据开发,上海·静安·南京西路, ,TOTO,100-299人,外商独资,8千-1.3万·15薪,大专, ,经验不限
332,数据开发,上海·浦东·航头,数据审核专员,上海陆杰电子科技有限公司,100-299人,民营,4千-6千·13薪,大专, ,3-5年
333,数据开发,上海·浦东·康桥, ,浙江外服人力资源服务有限公司,100-299人,国企,1万-1.5万·13薪,学历不限, ,1-3年
334,数据开发,上海·浦东·陆家嘴,低碳环保数据分析师-实习生,联合赤道环境评价股份有限公司,300-499人,民营,100-150/天,本科, ,无经验
335,数据开发,上海·浦东·康桥,数据标注 (MJ000146), ,500-999人,民营,1.3万-2.6万·15薪,本科, ,3-5年
336,数据开发,上海·静安·南京西路, , ,1000-9999人,外商独资,面议,硕士, ,3-5年
337,数据开发,上海·浦东·陆家嘴,数据管理服务助理（数据验证与研究方向）- 金融机构派驻,上海元年金融信息服务有限公司,100-299人,民营,8千-1.6万,本科,数据测试 数据治理 Python VBA SQL 敏捷服务 R语言 Tableau,1-3年
338,数据开发,上海·杨浦·五角场,网络数据文员,上海辰玉贸易有限公司,零售/批发,20-99人,7千-9千,大专, ,1-3年
339,数据开发,上海·闵行·吴泾,数据分析助理,阿伽科技(上海)有限公司,20人以下,民营,8千-1.2万,本科,数据治理 Python Sql ETL工具,1年以下
340,数据开发,上海·徐汇·虹梅路,Saas软件销售/大数据软件/双休五险一金, ,1000-9999人,民营,8千-1.4万,本科, ,经验不限
341,数据开发,上海·浦东·金桥, , ,1000-9999人,上市公司,7千-8千,大专, ,3-5年
342,数据开发,上海·浦东·陆家嘴,房抵客户经理/每天30新数据/客户主动上门,上海致牌金融信息服务有限公司,20-99人,民营,1.8万-2.5万,学历不限, ,经验不限
343,数据开发,上海·徐汇·枫林路,IT数据专员,上海力山生物医药有限公司,20-99人,民营,8千-1.2万,本科,Shell C语言 Python C# C++ MongoDB MySQL,经验不限
344,数据开发,上海·徐汇·虹梅路,顾问型、综合型销售，以大数据做支撑新运营,上海链家地产,10000人以上,民营,6千-1.2万,本科, ,经验不限
345,数据开发,上海·崇明·向化,农场数据员,上海今喜农新农业发展集团有限公司,20-99人,民营,4千-5千,学历不限, ,1-3年
346,数据开发,上海·杨浦·平凉路,数据分析专员,上海利真,1000-9999人,民营,8千-1.2万·13薪,本科, ,1-3年
347,数据开发,上海·浦东·康桥,数据分析师, ,500-999人,民营,7千-8千,本科, ,经验不限
348,数据开发,上海·浦东·陆家嘴,数据管理服务助理（数据统计方向）- 金融机构派驻,上海元年金融信息服务有限公司,100-299人,民营,8千-1.6万,本科,理财数据分析 证券数据分析 基金数据分析 VBA Python SQL BI智能工具,1-3年
349,数据开发,上海·松江·方松, ,上海科锐派信息科技有限公司,20人以下,合资,6千-8千,学历不限, ,经验不限
350,数据开发,上海·浦东·潍坊新村,高薪电话销售+精准数据+新人试用期1.5万+,上海汇浙互联网金融信息服务有限公司,100-299人,民营,1.4万-2.4万,中专/中技,企业客户 院校客户 个人客户,经验不限
351,数据开发,上海·松江·新桥,数据统计员,上海润莺食品有限公司,100-299人,民营,7千-1万,大专, ,1-3年
352,数据开发,上海·闵行·古美, ,上海链家地产,10000人以上,民营,8千-1.5万,本科,个人客户 房地产,经验不限
353,数据开发,上海·黄浦·五里桥,电力交易数据运营岗,翰竺科技(北京)有限公司,100-299人,外商独资,8千-1.3万,本科,电力,1-3年
354,数据开发,上海·杨浦·五角场,网络数据采集员,苏州蜗牛环保科技有限公司,20人以下,民营,5千-8千,本科, ,1-3年
355,数据开发,上海·闵行·江川路,互联网电商/大数据软件推广专员,新骅光医疗科技集团有限公司,1000-9999人,民营,7千-1.4万,高中, ,1-3年
356,数据开发,上海·金杨新村,销售经理、数据分析、财务管理、房产运营、链家直聘,上海链家地产,10000人以上,民营,1.8万-2.6万,本科, ,经验不限
357,数据开发,上海·浦东·花木,数据分析助理（双休）,杭州烛名科技有限公司,100-299人,民营,1万-1.6万,本科, ,经验不限
358,数据开发,上海·静安·大宁路,数据处理专员,上海克而瑞信息技术有限公司,1000-9999人,外商独资,7千-1万,本科, ,1-3年
359,数据开发,上海·黄浦·半淞园路,o2o形式+vr黑科技+专业顾问- 管培生数据运营,上海链家地产,10000人以上,民营,1万-2万·16薪,本科, ,经验不限
360,数据开发,上海·浦东·陆家嘴,高薪电话销售月入5w+/分配精准客户数据,融亿诚信息技术(深圳)有限公司,100-299人,民营,2万-3.5万,学历不限,企业客户 KA大客户 医疗机构 课程顾问 电话销售 客服,经验不限
361,数据开发,上海·徐汇·漕河泾,数据仓库,八六三软件,500-999人,国企,1.4万-1.6万,大专, ,3-5年
362,数据开发,上海·黄浦·南京东路,数据分析师课程/培训招生上海,51Testing,100-299人,民营,8千-1.5万,大专, ,经验不限
363,数据开发,上海·浦东·陆家嘴,金融街销售-精准数据-彩票式销售, ,300-499人,民营,4万-8万,学历不限, ,经验不限
364,数据开发,上海·静安·江宁路,【校招】数据分析岗,中国邮电器材集团有限公司,1000-9999人,国企,1万-1.5万,本科, ,经验不限
365,数据开发,上海·浦东·北蔡,数据标注及模型训练,恒意得科技,100-299人,民营,150-200/天,本科, ,无经验
366,数据开发,上海·浦东·潍坊新村,市区住宿金融销售/最快一周开单/精准数据,上海欣机会互联网金融信息服务有限公司,300-499人,其它,8千-1.6万,大专, ,经验不限
367,数据开发,上海·徐汇·虹梅路,有人教+有人带+以大数据做支撑新运营+500强企业,上海链家地产,10000人以上,民营,6千-1.2万,本科,销售经理 店面销售 电话销售 网络销售 面销,经验不限
368,数据开发,上海·浦东·塘桥,贷后数据支持岗, ,500-999人,民营,9千-1万,本科, ,经验不限
369,数据开发,上海·静安·彭浦,对账数据文员,一橙网络,1000-9999人,股份制企业,6千-8千,大专, ,1-3年
370,数据开发,上海·青浦·华新,物流专员（数据分析）(J13123), ,10000人以上,股份制企业,6千-8千·13薪,大专, ,1-3年
371,数据开发,上海·宝山·庙行, , ,1000-9999人,上市公司,6千-7千,中专/中技, ,经验不限
372,数据开发,上海·浦东·金桥, , ,1000-9999人,上市公司,7千-8千,大专, ,3-5年
373,数据开发,上海·嘉定·安亭,数据专员,赛可斯汽车零部件(上海)股份有限公司,20-99人,股份制企业,5千-1万,大专, ,1-3年
374,数据开发,上海·浦东·塘桥,手游数据分析, ,100-299人,股份制企业,1万-2万,学历不限, ,1-3年
375,数据开发,上海·浦东·三林, , ,1000-9999人,上市公司,8千-1.2万·13薪,本科, ,1-3年
376,数据开发,上海·静安·南京西路,数据助理,上海启冀文化传播有限公司,20-99人,民营,6千-8千,本科, ,1-3年
377,数据开发,上海·闵行·虹桥, , ,10000人以上,上市公司,6千-1万·13薪,本科, ,1-3年
378,数据开发,上海·浦东·陆家嘴,大客户经理+30新数据/天,融亿诚信息技术(深圳)有限公司,100-299人,民营,1.8万-2.6万,学历不限, ,经验不限
379,数据开发,上海·嘉定·徐行,数据中心运维,北京技捷信通科技有限公司,专业技术服务,20-99人,8千-1万,大专, ,1-3年
