Unnamed: 0,position,city,specific_position,company_name,company_type,education,ability,experience,min_annual_salary,max_annual_salary,min_company_size,max_company_size
0,数据开发,上海·浦东·张江,大数据开发工程师,上海飞旗网络技术股份有限公司,股份制企业,本科,无要求,5-10年,300000.0,420000.0,100.0,299.0
1,数据开发,上海·徐家汇,大数据开发主管(J11890),其他,民营,本科,无要求,5-10年,300000.0,420000.0,1000.0,9999.0
2,数据开发,上海·浦东·高行,大数据开发工程师,上海微创软件股份有限公司,合资,本科,无要求,3-5年,240000.0,276000.0,10000.0,
3,数据开发,上海·虹口·曲阳路,大数据开发工程师,其他,民营,本科,无要求,1-3年,120000.0,168000.0,10000.0,
4,数据开发,上海·浦东·陆家嘴,数据开发,上海零霸格软件科技工作室(个人独资),其它,学历不限,无要求,5-10年,252000.0,264000.0,,20.0
5,数据开发,上海·黄浦·南京东路,数据开发,其他,合资,学历不限,无要求,经验不限,98000.0,112000.0,500.0,999.0
6,数据开发,上海·黄浦·淮海中路,数据开发,山东申博人力资源有限公司,民营,学历不限,无要求,经验不限,108000.0,144000.0,500.0,999.0
7,数据开发,上海·浦东·金桥,数据开发,外企德科数字技术有限公司,,本科,无要求,1-3年,210000.0,420000.0,10000.0,
8,数据开发,上海·静安·大宁路,数据开发,上海东浩人力资源有限公司,国企,大专,无要求,3-5年,168000.0,204000.0,100.0,299.0
9,数据开发,上海·金山·亭林,数据开发,其他,民营,学历不限,无要求,经验不限,96000.0,144000.0,20.0,99.0
10,数据开发,上海·浦东·陆家嘴,仓库打包数据线月9000+,上海时时送供应链有限公司,股份制企业,学历不限,无要求,经验不限,132000.0,192000.0,100.0,299.0
11,数据开发,上海·浦东·金桥,数据开发,外企德科数字技术有限公司,,本科,无要求,经验不限,238000.0,420000.0,10000.0,
12,数据开发,上海·南京东路,数据分析（2023届应届毕业生）,其他,事业单位,学历不限,无要求,经验不限,120000.0,180000.0,20.0,99.0
13,数据开发,上海·静安·大宁路,国民链家+市场数据分析＋管培生底薪8000,上海链家地产,民营,本科,无要求,经验不限,96000.0,108000.0,10000.0,
14,数据开发,上海·青浦·徐泾,数据开发,外企德科数字技术有限公司,,本科,无要求,1-3年,210000.0,420000.0,10000.0,
15,数据开发,上海·浦东·金桥,数据开发,外企德科,合资,本科,无要求,经验不限,210000.0,420000.0,1000.0,9999.0
16,数据开发,上海·静安·南京西路,数据开发,其他,合资,大专,无要求,经验不限,112000.0,126000.0,1000.0,9999.0
17,数据开发,上海·普陀·石泉路,数据开发,山东申博人力资源有限公司,民营,学历不限,无要求,经验不限,108000.0,132000.0,500.0,999.0
18,数据开发,上海·浦东·金桥,数据开发,外企德科,合资,本科,无要求,经验不限,210000.0,420000.0,1000.0,9999.0
19,数据开发,上海·虹口·北外滩,数据工程师,上海胜蓝软件技术服务有限公司,民营,本科,数据 数据库 SQL,无经验,96000.0,132000.0,20.0,99.0
20,数据开发,上海·静安·大宁路,数据开发,上海东浩人力资源有限公司,国企,本科,Oracle MySQL 达梦 虚谷 海量,1-3年,168000.0,204000.0,100.0,299.0
21,数据开发,上海·松江·中山,数据开发,山东申博人力资源有限公司,民营,学历不限,无要求,经验不限,108000.0,120000.0,500.0,999.0
22,数据开发,上海·松江·九里亭,数据开发,上海秉昭人力资源有限公司,事业单位,学历不限,无要求,经验不限,96000.0,192000.0,100.0,299.0
23,数据开发,上海·徐汇·徐家汇,对日Pega开发工程师,杭州优灿科技有限公司,合资,学历不限,PEGA Oracle MY SQL PEGA CSSA PEGA LSA 日语 对日 N1,1-3年,180000.0,360000.0,500.0,999.0
24,数据开发,上海·浦东·金桥,数据开发,外企德科,合资,本科,无要求,经验不限,210000.0,420000.0,1000.0,9999.0
25,数据开发,上海·松江·洞泾,数据开发,其他,合资,学历不限,无要求,经验不限,72000.0,84000.0,500.0,999.0
26,数据开发,上海·闵行·莘庄,数据开发,山东申博人力资源有限公司,民营,学历不限,无要求,经验不限,112000.0,140000.0,500.0,999.0
28,数据开发,上海·浦东·金桥,数据开发,外企德科数字技术有限公司,,本科,无要求,经验不限,224000.0,448000.0,10000.0,
29,数据开发,上海·徐汇·徐家汇,数据运营实习管培生+底薪8K高提成带薪培训++住宿无忧+晋升空间大 16,上海链家地产,民营,本科,无要求,经验不限,96000.0,192000.0,10000.0,
30,数据开发,上海·虹口·北外滩,纯无责8k！月入3-5w精准数据纯坐班,上海榕杉金融信息服务有限公司,民营,学历不限,无要求,经验不限,168000.0,240000.0,20.0,99.0
31,数据开发,上海,数据开发,其他,国企,本科,无要求,无经验,180000.0,276000.0,10000.0,
32,数据开发,上海·静安·大宁路,数据开发工程师,上海信息人才服务有限公司,国企,本科,无要求,经验不限,156000.0,180000.0,100.0,299.0
33,数据开发,上海·长宁·新泾,销售数据运营,其他,外商独资,本科,无要求,经验不限,96000.0,132000.0,1000.0,9999.0
34,数据开发,上海·徐汇·虹梅路,数据清洗专员,大连勇歌科技有限公司,股份制企业,大专,无要求,1年以下,84000.0,120000.0,20.0,99.0
35,数据开发,上海·静安·大宁路,大数据开发工程师,上海信息人才服务有限公司,国企,本科,无要求,经验不限,180000.0,240000.0,100.0,299.0
36,数据开发,上海·黄浦·小东门,数据开发,上海吾道信息科技有限公司,民营,中专/中技,无要求,1-3年,84000.0,144000.0,10000.0,
37,数据开发,上海·徐汇·徐家汇,数据录入员,其他,合资,中专/中技,无要求,经验不限,72000.0,96000.0,100.0,299.0
38,数据开发,上海·静安·大宁路,数据库开发工程师,上海信息人才服务有限公司,国企,大专,无要求,1-3年,156000.0,216000.0,100.0,299.0
39,数据开发,上海·浦东·张江,数据开发,其他,国企,本科,无要求,1-3年,96000.0,180000.0,10000.0,
40,数据开发,上海·徐汇·龙华,数据开发,上海从开网络科技有限公司,民营,大专,无要求,3-5年,180000.0,252000.0,100.0,299.0
41,数据开发,上海·普陀·真如,9000+数据线打包搬运/380/天,上海时时送供应链有限公司,股份制企业,学历不限,无要求,经验不限,144000.0,180000.0,100.0,299.0
42,数据开发,上海·黄浦·南京东路,数据标注,宿州鸿志装饰工程有限公司,,大专,无要求,1-3年,84000.0,120000.0,100.0,299.0
43,数据开发,上海·浦东·花木,资产管理中心-量化投资部-数据开发工程师G00784,中信期货有限公司,国企,本科,无要求,1-3年,180000.0,360000.0,1000.0,9999.0
44,数据开发,上海·虹口·北外滩,数据工程师（研发）,上海胜蓝软件技术服务有限公司,民营,本科,无要求,无经验,96000.0,132000.0,20.0,99.0
45,数据开发,上海·浦东·张江,财务专员/采购专员/数据分析专员（泰语/越南语/印尼语）,大连弗斯特高新人才发展管理有限公司,民营,大专,无要求,经验不限,104000.0,156000.0,100.0,299.0
46,数据开发,上海·浦东·潍坊新村,数据统计专员/助理,其他,合资,大专,无要求,经验不限,84000.0,108000.0,100.0,299.0
47,数据开发,上海·浦东·金桥,数据开发,外企德科,合资,本科,无要求,经验不限,240000.0,480000.0,1000.0,9999.0
48,数据开发,上海·黄浦·小东门,数据开发（现场面试+薪资面议）,上海信息人才服务有限公司,国企,学历不限,无要求,5-10年,156000.0,240000.0,100.0,299.0
49,数据开发,上海·崇明·城桥,数据开发,山东申博人力资源有限公司,民营,学历不限,无要求,经验不限,96000.0,144000.0,500.0,999.0
50,数据开发,上海·青浦·赵巷,数据开发,颖润人力资源(昆山)有限公司,民营,中专/中技,无要求,经验不限,72000.0,96000.0,1000.0,9999.0
51,数据开发,上海·静安·大宁路,数据开发（大数据）,上海信息人才服务有限公司,国企,本科,无要求,1-3年,180000.0,240000.0,100.0,299.0
52,数据开发,上海·黄浦·外滩,数据开发,江苏鑫瑞源科技有限公司,民营,大专,无要求,3-5年,120000.0,180000.0,20.0,99.0
55,数据开发,上海·浦东·唐镇,数据管理部模型开发岗,其他,上市公司,硕士,无要求,经验不限,144000.0,216000.0,10000.0,
56,数据开发,上海·虹口·北外滩,大数据工程师,上海胜蓝软件技术服务有限公司,民营,本科,无要求,无经验,96000.0,132000.0,20.0,99.0
57,数据开发,上海·杨浦·大桥,数据专员(双休),宿州旭耀数字传媒科技有限公司,股份制企业,本科,无要求,经验不限,108000.0,144000.0,20.0,99.0
58,数据开发,上海·浦东·北蔡,数据开发,汉兴弘裕(苏州)企业管理有限公司,股份制企业,学历不限,无要求,经验不限,108000.0,120000.0,500.0,999.0
59,数据开发,上海·徐汇·虹梅路,数据开发工程师,其他,股份制企业,本科,无要求,3-5年,120000.0,192000.0,1000.0,9999.0
60,数据开发,上海·浦东·金桥,数据开发,外企德科,合资,本科,无要求,经验不限,210000.0,420000.0,1000.0,9999.0
61,数据开发,上海·浦东·潍坊新村,数据开发,盐城百众人力资源有限公司,民营,学历不限,无要求,经验不限,117000.0,156000.0,300.0,499.0
62,数据开发,上海·闵行·莘庄,缺2人！数据社区运营暑假工短期兼职270/天,南阳鹏拓物流服务有限公司,其它,学历不限,无要求,经验不限,96000.0,156000.0,20.0,99.0
63,数据开发,上海·闵行·虹桥,数据开发工程师,其他,上市公司,本科,无要求,5-10年,144000.0,288000.0,10000.0,
64,数据开发,上海·浦东·潍坊新村,数据开发-DM数据库的存储过程及视图-java接口,其他,民营,本科,无要求,3-5年,156000.0,180000.0,300.0,499.0
65,数据开发,上海·静安·天目西路,包装数据线丨月入9000,江西君迈人力资源有限公司,上市公司,学历不限,无要求,无经验,108000.0,144000.0,1000.0,9999.0
67,数据开发,上海·浦东·塘桥,大数据开发工程师,上海钦诚信息科技有限公司,,本科,无要求,3-5年,216000.0,276000.0,20.0,99.0
68,数据开发,上海·浦东·塘桥,数据开发,其他,上市公司,大专,无要求,5-10年,192000.0,240000.0,1000.0,9999.0
69,数据开发,上海·长宁·江苏路,数据录入员,其他,民营,大专,无要求,1年以下,72000.0,96000.0,100.0,299.0
70,数据开发,上海·青浦·盈浦,数据开发,其他,民营,中专/中技,图像标注,经验不限,75000.0,105000.0,,20.0
71,数据开发,上海·静安·大宁路,数据开发（线上面试+不倦超好过）,上海信息人才服务有限公司,国企,本科,无要求,3-5年,168000.0,192000.0,100.0,299.0
72,数据开发,上海·浦东·金桥,数据工程师,上海宇量昇科技有限公司,,本科,无要求,经验不限,300000.0,600000.0,300.0,499.0
73,数据开发,上海·静安·石门二路,数据文员,其他,民营,大专,无要求,1-3年,84000.0,96000.0,100.0,299.0
74,数据开发,上海·浦东·康桥,数据治理工程师,其他,上市公司,本科,无要求,3-5年,182000.0,208000.0,1000.0,9999.0
75,数据开发,上海·浦东·塘桥,数据开发,紫金支点,民营,大专,无要求,5-10年,192000.0,252000.0,1000.0,9999.0
76,数据开发,上海·静安·石门二路,数据运营助理,其他,民营,大专,无要求,1年以下,72000.0,96000.0,100.0,299.0
79,数据开发,上海·虹口·北外滩,数据开发工程师,其他,上市公司,本科,无要求,经验不限,96000.0,180000.0,1000.0,9999.0
80,数据开发,上海·浦东·金桥,数据开发,外企德科数字技术有限公司,,本科,无要求,经验不限,280000.0,560000.0,10000.0,
81,数据开发,上海·嘉定·华新,图文信息中心 软件与数据管理人员,上海工商职业技术学院,学校/下级学院,硕士,软件 数据 计算机,1-3年,84000.0,168000.0,300.0,499.0
82,数据开发,上海·浦东·陆家嘴,底薪8000+五险一金+实时数据好开单,上海锝升科技有限公司,民营,学历不限,无要求,1-3年,180000.0,276000.0,300.0,499.0
83,数据开发,上海·浦东·康桥,数据开发工程师,其他,上市公司,本科,无要求,1-3年,156000.0,300000.0,1000.0,9999.0
84,数据开发,上海·浦东·唐镇,大数据开发工程师,其他,民营,大专,无要求,5-10年,156000.0,168000.0,300.0,499.0
85,数据开发,上海·徐汇·徐家汇,数据运营实习管培生+底薪8K高提成带薪培训++住宿无忧+晋升空间大 11,上海链家地产,民营,本科,无要求,经验不限,96000.0,192000.0,10000.0,
86,数据开发,上海·浦东·航头,数据开发,江苏温氏优鲜食品有限公司,,大专,无要求,经验不限,60000.0,84000.0,10000.0,
87,数据开发,上海·小东门,数据开发岗 (MJ002144),上海东证期货有限公司,国企,本科,无要求,3-5年,180000.0,360000.0,500.0,999.0
88,数据开发,上海·浦东·唐镇,数据库开发工程师,其他,民营,本科,无要求,3-5年,156000.0,240000.0,10000.0,
89,数据开发,上海·闵行·新虹,网络数据采集员,上海卓斯顿贸易商行,,本科,无要求,1-3年,60000.0,120000.0,20.0,99.0
90,数据开发,上海·黄浦·南京东路,数据开发,福建大千食坊贸易有限公司,民营,大专,无要求,1-3年,72000.0,108000.0,100.0,299.0
91,数据开发,上海·浦东·陆家嘴,数据开发,凯捷中国,外商独资,本科,数据建模 ETL Sql Python Kafka 数据仓库 云,5-10年,182000.0,260000.0,10000.0,
92,数据开发,上海·浦东·唐镇,数据开发（熟悉高斯和oracle数据库）,其他,其它,本科,无要求,5-10年,204000.0,228000.0,10000.0,
93,数据开发,上海·浦东·潍坊新村,数据开发,其他,民营,大专,无要求,1年以下,72000.0,96000.0,100.0,299.0
94,数据开发,上海·黄浦·小东门,etl数据开发工程师,其他,上市公司,本科,无要求,3-5年,204000.0,240000.0,1000.0,9999.0
95,数据开发,上海·静安·大宁路,数据开发工程师,其他,其它,本科,无要求,3-5年,144000.0,240000.0,10000.0,
96,数据开发,上海·静安·石门二路,信息数据统计员,其他,民营,大专,无要求,经验不限,84000.0,96000.0,100.0,299.0
97,数据开发,上海·浦东·陆家嘴,最精准数据的销售公司 月入五万+社保,其他,民营,学历不限,无要求,经验不限,180000.0,360000.0,300.0,499.0
98,数据开发,上海·虹口·凉城新村,数据开发,其他,合资,学历不限,无要求,经验不限,60000.0,96000.0,500.0,999.0
99,数据开发,上海·浦东·陆家嘴,数据开发工程师（外企项目）,凯捷中国,外商独资,本科,无要求,3-5年,182000.0,208000.0,10000.0,
100,数据开发,上海·浦东·唐镇,数据库开发工程师,其他,上市公司,本科,无要求,1-3年,169000.0,234000.0,500.0,999.0
101,数据开发,上海·徐汇·虹梅路,数据治理实施顾问(J11926),其他,股份制企业,本科,软件实施 数据仓库 数据中台 数据清洗,经验不限,84000.0,156000.0,1000.0,9999.0
102,数据开发,上海·静安·南京西路,数据开发,其他,合资,大专,无要求,经验不限,140000.0,168000.0,1000.0,9999.0
103,数据开发,上海·宝山·高境,数据开发实施工程师,其他,民营,本科,无要求,3-5年,120000.0,180000.0,10000.0,
104,数据开发,上海·黄浦·南京东路,数据开发,上海共联通信信息发展有限公司,国企,本科,无要求,5-10年,180000.0,360000.0,500.0,999.0
105,数据开发,上海·青浦·香花桥,数据开发,颖润人力资源(昆山)有限公司,民营,学历不限,无要求,经验不限,84000.0,108000.0,1000.0,9999.0
106,数据开发,上海·杨浦·五角场,网络数据采集员,其他,合资,本科,无要求,经验不限,84000.0,120000.0,1000.0,9999.0
107,数据开发,上海·浦东·张江,大数据开发工程师,上海钦诚信息科技有限公司,,本科,无要求,3-5年,216000.0,288000.0,20.0,99.0
108,数据开发,上海·浦东·花木,数据库开发（上海）,北京阿提拉科技有限公司,民营,本科,无要求,3-5年,216000.0,240000.0,300.0,499.0
109,数据开发,上海·浦东·陆家嘴,月入6w+接受小白/分配精准数据50条,融亿诚信息技术(深圳)有限公司,民营,学历不限,个人客户 医疗机构 院校客户 课程销售 医疗销售 邀约客服,经验不限,252000.0,420000.0,100.0,299.0
111,数据开发,上海·黄浦·小东门,数据开发工程师（中原上海）,天宇正清科技有限公司,民营,本科,无要求,3-5年,156000.0,204000.0,500.0,999.0
112,数据开发,上海·浦东·潍坊新村,数据开发（报表开发+金融经验）,上海锐赢,民营,大专,无要求,3-5年,144000.0,240000.0,20.0,99.0
113,数据开发,上海·浦东·金桥,数据开发,外企德科数字技术有限公司,,本科,无要求,经验不限,210000.0,420000.0,10000.0,
114,数据开发,上海·浦东·洋泾,数据开发,北京新诚优聘咨询服务有限公司,合资,学历不限,无要求,经验不限,72000.0,96000.0,1000.0,9999.0
115,数据开发,上海·金山·亭林,数据开发工程师,上海南洋电缆有限公司,民营,本科,无要求,3-5年,195000.0,260000.0,500.0,999.0
116,数据开发,上海·闵行·新虹,遥感大数据开发工程师,其他,合资,本科,无要求,3-5年,144000.0,288000.0,500.0,999.0
117,数据开发,上海·嘉定·安亭,数据开发,苏州仁硕企业管理服务有限公司,民营,学历不限,无要求,经验不限,84000.0,144000.0,20.0,99.0
118,数据开发,上海·徐汇·徐家汇,数据统计员,其他,合资,大专,无要求,经验不限,72000.0,96000.0,100.0,299.0
119,数据开发,上海·闵行·新虹,数据开发,安普诺克科技集团有限公司,民营,本科,无要求,3-5年,216000.0,228000.0,100.0,299.0
120,数据开发,上海·浦东·陆家嘴,数据开发（基金公司驻场+福利优）,上海锐赢,民营,本科,无要求,1-3年,180000.0,240000.0,20.0,99.0
121,数据开发,上海·杨浦·五角场,数据统计员,其他,合资,本科,无要求,经验不限,96000.0,120000.0,1000.0,9999.0
122,数据开发,上海·闵行·新虹,数据开发,湖州轩逸人力资源服务有限公司,民营,学历不限,无要求,1-3年,84000.0,96000.0,1000.0,9999.0
123,数据开发,上海·静安·大宁路,大数据开发工程师,上海威联信息技术有限公司,民营,本科,无要求,5-10年,216000.0,264000.0,100.0,299.0
124,数据开发,上海·浦东·唐镇,数据开发,其他,上市公司,本科,无要求,3-5年,180000.0,240000.0,500.0,999.0
125,数据开发,上海·静安·石门二路,数据统计员,其他,民营,大专,无要求,经验不限,72000.0,84000.0,100.0,299.0
126,数据开发,上海·奉贤·奉浦,数据开发,其他,民营,本科,无要求,1-3年,180000.0,240000.0,500.0,999.0
127,数据开发,上海·浦东·康桥,数据开发,上海共联通信信息发展有限公司,国企,本科,无要求,5-10年,180000.0,360000.0,500.0,999.0
128,数据开发,上海·浦东·潍坊新村,数据开发,其他,民营,大专,无要求,1-3年,84000.0,96000.0,100.0,299.0
129,数据开发,上海·静安·南京西路,数据开发,讯升(上海)人力资源有限公司成都分公司,外商独资,学历不限,无要求,经验不限,252000.0,490000.0,100.0,299.0
130,数据开发,上海·浦东·塘桥,数据开发岗,其他,民营,本科,无要求,3-5年,120000.0,180000.0,500.0,999.0
131,数据开发,上海·静安·石门二路,数据分析员,其他,民营,本科,无要求,经验不限,84000.0,108000.0,100.0,299.0
132,数据开发,上海·浦东·塘桥,数据开发,大连铭信科技发展有限公司,民营,大专,无要求,5-10年,216000.0,240000.0,20.0,99.0
133,数据开发,上海·浦东·张江,上海-金融数据分析主管-9-6双休-五险一金-,其他,民营,大专,无要求,1-3年,208000.0,234000.0,1000.0,9999.0
134,数据开发,上海·长宁·江苏路,数据统计分析助理,上海旗盈企业管理咨询有限公司,民营,大专,无要求,经验不限,72000.0,96000.0,100.0,299.0
135,数据开发,上海·浦东·陆家嘴,大数据开发工程师,上海问道云人工智能科技有限公司,民营,本科,无要求,1-3年,180000.0,240000.0,20.0,99.0
136,数据开发,上海·浦东·花木,数据开发,其他,股份制企业,本科,无要求,5-10年,360000.0,420000.0,1000.0,9999.0
137,数据开发,上海·莘庄,贝壳找房 线上运营 网络销售 数据支持 统招本科及以上学历,上海链家地产,民营,本科,无要求,经验不限,96000.0,180000.0,10000.0,
138,数据开发,上海·浦东·陆家嘴,数据爬虫工程师,上海问道云人工智能科技有限公司,民营,本科,无要求,3-5年,180000.0,240000.0,20.0,99.0
139,数据开发,上海·长宁·新华路,大数据平台研发工程师,其他,上市公司,本科,Java Spring Struts Mybatis MySQL Flink,1-3年,120000.0,180000.0,300.0,499.0
140,数据开发,上海·浦东·唐镇,数据开发工程师,其他,股份制企业,本科,无要求,5-10年,216000.0,252000.0,300.0,499.0
141,数据开发,上海·浦东·花木,数据分析专员,其他,外商独资,本科,Power BI Python Tableau SQL,3-5年,120000.0,180000.0,10000.0,
142,数据开发,上海·徐汇·龙华,数据开发,外企德科数字技术有限公司,,本科,无要求,1-3年,108000.0,156000.0,10000.0,
143,数据开发,上海·黄浦·南京东路,数据开发,上海共联通信信息发展有限公司,国企,本科,无要求,5-10年,180000.0,360000.0,500.0,999.0
144,数据开发,上海·浦东·陆家嘴,云数据库开发工程师,凯捷中国,外商独资,学历不限,无要求,5-10年,208000.0,286000.0,10000.0,
145,数据开发,上海·浦东·陆家嘴,精准数据+高提成，新人月入五万,上海锝升科技有限公司,民营,学历不限,无要求,经验不限,228000.0,360000.0,300.0,499.0
146,数据开发,上海·黄浦·打浦桥,数据管理（日语佳，应届生欢迎）,上海熙鸿广告有限公司,,本科,无要求,经验不限,90000.0,150000.0,,
147,数据开发,上海·黄浦·小东门,中级数据开发,上海信息人才服务有限公司,国企,大专,无要求,5-10年,192000.0,228000.0,100.0,299.0
148,数据开发,上海·浦东·张江,高级数据开发工程师,上海西信软件工程有限公司,民营,大专,无要求,5-10年,180000.0,300000.0,100.0,299.0
149,数据开发,上海·浦东·金桥,数据分析师,北京京铭宏硕科技有限公司,民营,大专,无要求,经验不限,91000.0,117000.0,100.0,299.0
150,数据开发,上海·浦东·康桥,数据开发,其他,合资,学历不限,无要求,经验不限,72000.0,96000.0,500.0,999.0
151,数据开发,上海·浦东·康桥,数据开发,上海信息人才服务有限公司,国企,本科,无要求,5-10年,192000.0,216000.0,100.0,299.0
152,数据开发,上海·浦东·唐镇,数据开发工程师,其他,其它,本科,无要求,5-10年,180000.0,228000.0,10000.0,
153,数据开发,上海·嘉定·安亭,数据开发,其他,合资,学历不限,无要求,经验不限,72000.0,84000.0,500.0,999.0
155,数据开发,上海·浦东·潍坊新村,高级大数据开发工程师(J14899),其他,上市公司,本科,无要求,3-5年,140000.0,280000.0,1000.0,9999.0
156,数据开发,上海·浦东·唐镇,数据开发,其他,上市公司,本科,无要求,3-5年,144000.0,216000.0,500.0,999.0
157,数据开发,上海·普陀·长寿路,数据处理实习生,上海鋆樊信息咨询有限公司,民营,大专,Sql Python R语言 数据治理,1-3年,96000.0,192000.0,20.0,99.0
158,数据开发,上海·浦东·陆家嘴,数据开发,福建合诚信息科技有限公司,民营,本科,无要求,经验不限,120000.0,168000.0,100.0,299.0
159,数据开发,上海·浦东·三林,数据开发,深圳极联信息技术股份有限公司,民营,本科,无要求,3-5年,108000.0,168000.0,500.0,999.0
160,数据开发,上海·黄浦·南京东路,数据标注专员,上海慧铂信息技术有限公司,民营,大专,无要求,经验不限,60000.0,84000.0,300.0,499.0
161,数据开发,上海·闵行·华漕,订单与ERP数据管理员,上海大简农业科技有限公司,民营,大专,无要求,经验不限,60000.0,96000.0,100.0,299.0
162,数据开发,上海·浦东·三林,数据开发,深圳极联信息技术股份有限公司,民营,本科,无要求,3-5年,144000.0,168000.0,500.0,999.0
163,数据开发,上海·浦东·唐镇,数据开发（oracle转GBase）,其他,其它,本科,无要求,经验不限,192000.0,228000.0,10000.0,
164,数据开发,上海·嘉定·外冈,大数据开发工程师(J11385),其他,民营,本科,无要求,5-10年,195000.0,325000.0,10000.0,
166,数据开发,上海·虹口·北外滩,理赔服务部数据分析岗,中国人寿财产保险股份有限公司上海市分公司,国企,本科,无要求,1-3年,96000.0,180000.0,500.0,999.0
167,数据开发,上海·徐汇·枫林路,大数据开发工程师,维恩贝特科技有限公司,民营,本科,无要求,5-10年,204000.0,240000.0,500.0,999.0
168,数据开发,上海·徐汇·田林,数据开发,上海微创软件股份有限公司,合资,本科,无要求,5-10年,168000.0,216000.0,10000.0,
169,数据开发,上海·长宁·虹桥,【实习岗】数据录入兼基础文案编辑,全益(上海)人力资源有限公司,民营,大专,无要求,1-3年,36000.0,72000.0,20.0,99.0
170,数据开发,上海·浦东·陆家嘴,总行-信息科技岗（数仓）,国泰世华银行(中国)有限公司,港澳台公司,本科,Java 数仓开发 报表开发,经验不限,120000.0,240000.0,300.0,499.0
171,数据开发,上海·静安·彭浦,数据治理顾问,河南驰鹏科技有限公司,其它,本科,无要求,3-5年,180000.0,348000.0,20.0,99.0
172,数据开发,上海·浦东·陆家嘴,数据开发,上海钦诚信息科技有限公司,,本科,无要求,3-5年,180000.0,300000.0,20.0,99.0
173,数据开发,上海·浦东·唐镇,太平金运-数据管理岗,太平金融运营服务(上海)有限公司,国企,本科,保险数据分析,3-5年,144000.0,240000.0,1000.0,9999.0
174,数据开发,上海·黄浦·南京东路,销售订单管理专员（数据统计分析）,四川锦蓉川吉科技有限公司,民营,大专,无要求,经验不限,60000.0,84000.0,100.0,299.0
175,数据开发,上海·普陀·长征,数据开发,弈人科技,民营,本科,无要求,3-5年,143000.0,169000.0,,20.0
176,数据开发,上海·浦东·陆家嘴,数据开发,外企德科,合资,本科,无要求,3-5年,168000.0,228000.0,1000.0,9999.0
177,数据开发,上海·杨浦·五角场,数据标注专员,其他,合资,本科,无要求,经验不限,84000.0,120000.0,1000.0,9999.0
178,数据开发,上海·浦东·陆家嘴,线上电商数据录入员,北京飞瑞咨询有限公司,外商独资,大专,无要求,1-3年,120000.0,216000.0,20.0,99.0
179,数据开发,上海·浦东·潍坊新村,TDH大数据开发,其他,股份制企业,大专,无要求,5-10年,120000.0,192000.0,1000.0,9999.0
180,数据开发,上海·浦东·三林,ETL数据开发工程师（英语熟练）,阿尔泰克,外商独资,本科,无要求,5-10年,180000.0,240000.0,1000.0,9999.0
181,数据开发,上海·徐汇·虹梅路,c端+线上，综合型投资，以大数据做支撑新运营,上海链家地产,民营,本科,市场数据分析,经验不限,72000.0,144000.0,10000.0,
182,数据开发,上海·虹口·江湾,管培生（数据分析）,上海天籍信息科技有限公司,民营,硕士,数据分析 Python Sql SPSS,1年以下,84000.0,120000.0,20.0,99.0
183,数据开发,上海·虹口·北外滩,Java高级开发工程师（大数据方向）,郑州海奥软件科技有限公司,民营,本科,无要求,5-10年,180000.0,204000.0,100.0,299.0
184,数据开发,上海·长宁·新泾,大数据开发工程师,其他,民营,本科,无要求,5-10年,240000.0,300000.0,1000.0,9999.0
185,数据开发,上海·宝山·大场,数据开发,其他,合资,学历不限,无要求,经验不限,72000.0,84000.0,500.0,999.0
186,数据开发,上海·嘉定·南翔,上海-数据爬虫工程师,广州海之鑫营销策划有限公司,其它,本科,无要求,3-5年,96000.0,144000.0,20.0,99.0
187,数据开发,上海·浦东·三林,大数据开发（现场面试）,深圳极联信息技术股份有限公司,民营,本科,无要求,3-5年,156000.0,168000.0,500.0,999.0
188,数据开发,上海·浦东·康桥,前端开发工程师-大数据方向,其他,上市公司,本科,无要求,3-5年,180000.0,276000.0,1000.0,9999.0
189,数据开发,上海·长宁·虹桥,数据分析师（助理）,上海慧之昀软件有限公司,,大专,SQL SPSS SAS Tableau 运营数据分析 销售数据分析 商业数据分析,1年以下,78000.0,91000.0,20.0,99.0
190,数据开发,上海·长宁·江苏路,数据专员,其他,民营,大专,无要求,经验不限,72000.0,108000.0,100.0,299.0
191,数据开发,上海·闵行·虹桥,大数据研发经理(J10031),三星财产保险(中国)有限公司,外商独资,本科,数据平台,3-5年,300000.0,525000.0,300.0,499.0
192,数据开发,上海·浦东·张江,大数据开发工程师（全额公积金）,北京宜通华瑞科技有限公司,民营,本科,无要求,3-5年,234000.0,325000.0,1000.0,9999.0
193,数据开发,上海·浦东·陆家嘴,年入百万不是问题+精准数据+电话客服,上海资佑金融信息服务有限公司,其它,学历不限,电话销售 全白班,经验不限,228000.0,324000.0,20.0,99.0
194,数据开发,上海·浦东·陆家嘴,业务研究助理（信用数据方向）,交银企业管理服务(上海)有限公司,国企,本科,无要求,经验不限,72000.0,96000.0,1000.0,9999.0
195,数据开发,上海·静安·大宁路,Data Engineer,范速汽车技术(上海)有限公司,民营,本科,无要求,5-10年,240000.0,480000.0,,20.0
196,数据开发,上海·杨浦·大桥,高级数据工程师,国泰财产保险有限责任公司,合资,本科,数据建模 数据仓库,5-10年,375000.0,525000.0,500.0,999.0
197,数据开发,上海·浦东·张江,应用运维工程师（数据中心项目）,交银企业管理服务(上海)有限公司,国企,本科,应用运维,经验不限,120000.0,180000.0,1000.0,9999.0
198,数据开发,上海·徐汇·虹梅路,大数据、线上，综合型销售，C端做支撑新运营,上海链家地产,民营,本科,教育培训 电销 全国 贷款行业 O2O 不出差 个人客户（2C） 房地产,经验不限,72000.0,144000.0,10000.0,
199,数据开发,上海·徐汇·枫林路,数据开发,其他,民营,本科,无要求,5-10年,168000.0,228000.0,1000.0,9999.0
200,数据开发,上海·浦东·金桥,数据治理工程师,维世致新(上海)智能技术有限公司,合资,本科,无要求,1-3年,156000.0,208000.0,20.0,99.0
201,数据开发,上海·长宁·新泾,金融数据分析专员,其他,上市公司,本科,无要求,1-3年,112000.0,168000.0,1000.0,9999.0
202,数据开发,上海·浦东·陆家嘴,房抵客户经理/每天30新数据,上海致牌金融信息服务有限公司,民营,学历不限,无要求,经验不限,216000.0,300000.0,20.0,99.0
203,数据开发,上海·浦东·金桥,数据开发,其他,合资,本科,Sql FINEBI ETL,3-5年,192000.0,204000.0,500.0,999.0
204,数据开发,上海·浦东·南汇新城,数据治理工程师（临港）,维世致新(上海)智能技术有限公司,合资,本科,无要求,1-3年,156000.0,208000.0,20.0,99.0
205,数据开发,上海·浦东·唐镇,数据中心UPS工程师,上海羽沃电子有限公司,民营,中专/中技,无要求,经验不限,84000.0,144000.0,20.0,99.0
206,数据开发,上海·浦东·陆家嘴,无需外出/客户经理+30新数据/天,融亿诚信息技术(深圳)有限公司,民营,学历不限,无要求,经验不限,216000.0,312000.0,100.0,299.0
207,数据开发,上海·黄浦·淮海中路,仿真数据工程师(J10039),其他,上市公司,硕士,Java Python C++,3-5年,240000.0,420000.0,100.0,299.0
208,数据开发,上海·徐汇·枫林路,数据开发,其他,民营,本科,无要求,3-5年,168000.0,228000.0,1000.0,9999.0
209,数据开发,上海·浦东·花木,数据开发,申正(上海)劳务派遣有限公司,民营,学历不限,无要求,经验不限,104000.0,195000.0,300.0,499.0
210,数据开发,上海·浦东·陆家嘴,陆家嘴客户经理/每天30新数据/客户主动上门,上海致牌金融信息服务有限公司,民营,学历不限,无要求,经验不限,216000.0,300000.0,20.0,99.0
211,数据开发,上海·浦东·周家渡,高级数据开发工程师（银行驻场+5年以上）,上海锐赢,民营,大专,无要求,5-10年,180000.0,228000.0,20.0,99.0
212,数据开发,上海·虹口·北外滩,数据ETL开发工程师,北京阿提拉科技有限公司,民营,本科,无要求,3-5年,120000.0,192000.0,300.0,499.0
213,数据开发,上海·浦东·张江,数据助理（派遣）,上海盛业实业有限公司,外商独资,大专,无要求,经验不限,91000.0,117000.0,20.0,99.0
214,数据开发,上海·普陀·长寿路,数据开发,山东浪潮数字服务有限公司,国企,大专,数据建模 数据分析,3-5年,96000.0,120000.0,500.0,999.0
215,数据开发,上海·杨浦·新江湾城,数据中心DCIM动环监控开发岗,上海共启网络科技有限公司,民营,大专,无要求,1-3年,91000.0,130000.0,20.0,99.0
216,数据开发,上海·黄浦·小东门,数据开发工程师,其他,上市公司,本科,无要求,5-10年,180000.0,252000.0,1000.0,9999.0
217,数据开发,上海·浦东·陆家嘴,银行贷款+50%提成+人工筛选实时数据,上海资佑金融信息服务有限公司,其它,高中,无要求,经验不限,600000.0,1200000.0,20.0,99.0
218,数据开发,上海·浦东·曹路,数据开发,上海励汇企业管理咨询有限公司,民营,大专,无要求,1-3年,168000.0,192000.0,500.0,999.0
219,数据开发,上海·浦东·金桥,数据开发,康嘉信息,民营,大专,无要求,3-5年,216000.0,240000.0,20.0,99.0
220,数据开发,上海·杨浦·平凉路,数据工程师,其他,上市公司,本科,Hadoop Spark Scala Shell,3-5年,240000.0,360000.0,1000.0,9999.0
222,数据开发,上海·浦东·陆家嘴,金融销售+50%提成+人工筛选精准数据,上海资佑金融信息服务有限公司,其它,学历不限,无要求,经验不限,240000.0,252000.0,20.0,99.0
223,数据开发,上海·浦东·张江,ML工程师/数据科学家（英语）,上海西信软件工程有限公司,民营,本科,无要求,5-10年,180000.0,264000.0,100.0,299.0
224,数据开发,上海·浦东·花木,资深大数据开发工程师,其他,股份制企业,本科,无要求,5-10年,360000.0,420000.0,1000.0,9999.0
226,数据开发,上海·浦东·陆家嘴,咨询服务+30个新数据/天,融亿诚信息技术(深圳)有限公司,民营,中专/中技,无要求,经验不限,240000.0,480000.0,100.0,299.0
227,数据开发,上海·浦东·唐镇,数据库开发工程师,其他,股份制企业,本科,无要求,5-10年,228000.0,252000.0,1000.0,9999.0
228,数据开发,上海·徐汇·徐家汇,大数据开发工程师(J11893),其他,民营,本科,无要求,3-5年,180000.0,300000.0,1000.0,9999.0
229,数据开发,上海·青浦·盈浦,数据开发,安徽正多人力资源服务有限公司,民营,大专,无要求,经验不限,72000.0,108000.0,1000.0,9999.0
231,数据开发,上海·浦东·张江,大数据开发工程师,北京宜通华瑞科技有限公司,民营,本科,无要求,5-10年,260000.0,312000.0,1000.0,9999.0
232,数据开发,上海·静安·大宁路,前端开发（大数据）,上海信息人才服务有限公司,国企,本科,无要求,3-5年,180000.0,240000.0,100.0,299.0
233,数据开发,上海·浦东·南汇新城,数据员（上海南港）,辽宁华通汽车供应链有限公司,民营,大专,无要求,经验不限,65000.0,78000.0,500.0,999.0
234,数据开发,上海·杨浦·五角场,数据开发工程师,上海比孚信息科技有限公司,民营,本科,无要求,3-5年,120000.0,180000.0,100.0,299.0
235,数据开发,上海·静安·大宁路,java（大数据）,上海信息人才服务有限公司,国企,本科,无要求,3-5年,180000.0,240000.0,100.0,299.0
236,数据开发,上海·浦东·陆家嘴,数据开发,凯捷中国,外商独资,本科,数据建模 金融银行业,3-5年,195000.0,260000.0,10000.0,
237,数据开发,上海·徐汇·徐家汇,数据开发,其他,民营,大专,无要求,经验不限,96000.0,192000.0,1000.0,9999.0
238,数据开发,上海·闵行·浦江,实效检查员,上海旭中市场信息咨询有限公司,民营,大专,无要求,经验不限,72000.0,120000.0,20.0,99.0
239,数据开发,上海·虹口·北外滩,java大数据开发工程师,郑州海奥软件科技有限公司,民营,本科,无要求,5-10年,168000.0,216000.0,100.0,299.0
240,数据开发,上海·浦东·张江,应用运维开发工程师（数据中心项目）,交银企业管理服务(上海)有限公司,国企,本科,无要求,3-5年,144000.0,180000.0,1000.0,9999.0
241,数据开发,上海·浦东·周家渡,数据录入员（可实习）,上海坤元信息科技有限公司,民营,大专,无要求,经验不限,36000.0,60000.0,20.0,99.0
242,数据开发,上海·虹口·北外滩,数据统计员,宿州九霄云网络科技有限公司,,本科,无要求,1-3年,96000.0,132000.0,20.0,99.0
243,数据开发,上海·浦东·曹路,数据开发,上海励汇企业管理咨询有限公司,民营,本科,无要求,5-10年,300000.0,420000.0,500.0,999.0
244,数据开发,上海·浦东·三林,数据开发,深圳极联信息技术股份有限公司,民营,本科,无要求,3-5年,144000.0,168000.0,500.0,999.0
245,数据开发,上海·闵行·虹桥,数据开发,其他,国企,本科,无要求,经验不限,84000.0,120000.0,10000.0,
246,数据开发,上海·长宁·江苏路,数据标注专员,上海旗盈企业管理咨询有限公司,民营,大专,无要求,经验不限,60000.0,72000.0,100.0,299.0
247,数据开发,上海·闵行·虹桥,数据开发,其他,民营,本科,无要求,1-3年,132000.0,144000.0,10000.0,
248,数据开发,上海·徐汇·田林,数据开发,上海微创软件股份有限公司,合资,本科,数据治理 Java,5-10年,192000.0,216000.0,10000.0,
251,数据开发,上海·嘉定·新成路,数据库开发工程师,山东伯睿英联企业管理咨询有限公司,股份制企业,本科,无要求,3-5年,420000.0,700000.0,20.0,99.0
252,数据开发,上海·杨浦·江浦路,资深数据开发工程师,其他,民营,本科,无要求,5-10年,216000.0,240000.0,10000.0,
253,数据开发,上海·闵行·江川路,数据开发,上海紫竹人力资源服务有限公司,民营,学历不限,无要求,经验不限,48000.0,60000.0,100.0,299.0
254,数据开发,上海·浦东·陆家嘴,办公室销售+30新数据/天,融亿诚信息技术(深圳)有限公司,民营,高中,无要求,经验不限,216000.0,312000.0,100.0,299.0
255,数据开发,上海·杨浦·江浦路,数据开发,北京瑞友科技股份有限公司,民营,本科,Sql HANA SNOWFLAKE,3-5年,192000.0,216000.0,1000.0,9999.0
256,数据开发,上海·浦东·陆家嘴,Data Engineer,凯捷中国,外商独资,本科,无要求,5-10年,195000.0,260000.0,10000.0,
257,数据开发,上海·杨浦·五角场,数据标注专员,上海科迪威贸易商行,,本科,无要求,1-3年,72000.0,144000.0,,20.0
258,数据开发,上海·静安·天目西路,数据分析师（应届生）,敏捷艾科,民营,本科,无要求,无经验,104000.0,130000.0,20.0,99.0
259,数据开发,上海·青浦·华新,大数据专家,智联猎头,其它,本科,无要求,5-10年,420000.0,540000.0,1000.0,9999.0
260,数据开发,上海·浦东·南码头路,高级大数据开发工程师,杭州中港科技有限公司,民营,本科,无要求,5-10年,180000.0,300000.0,300.0,499.0
261,数据开发,上海·徐汇·虹梅路,高端、线上，综合型销售，以大数据做支撑新运营,上海链家地产,民营,本科,房地产 咨询服务,经验不限,72000.0,144000.0,10000.0,
262,数据开发,上海·黄浦·南京东路,数据开发,上海矢村电子有限公司,民营,本科,无要求,经验不限,112000.0,168000.0,,20.0
263,数据开发,上海·杨浦·江浦路,数据开发,其他,民营,本科,无要求,3-5年,144000.0,228000.0,10000.0,
264,数据开发,上海·徐汇·龙华,大数据开发（C端应用）-SH,其他,上市公司,本科,无要求,5-10年,240000.0,264000.0,1000.0,9999.0
265,数据开发,上海·浦东·洋泾,在线运维数据审核师,上海清煜环保科技有限公司,合资,大专,无要求,3-5年,72000.0,144000.0,20.0,99.0
266,数据开发,上海·浦东·陆家嘴,精准客户数据/提成50%无需外出/小白有人带月薪3w+,融亿诚信息技术(深圳)有限公司,民营,大专,企业客户 个人客户 电话销售 房地产 电话客服,经验不限,204000.0,360000.0,100.0,299.0
267,数据开发,上海·普陀·长风新村,数据开发,上海青凤信息科技有限公司,民营,本科,Java Hadoop,5-10年,420000.0,540000.0,20.0,99.0
268,数据开发,上海·虹口·曲阳路,大数据开发经理,其他,民营,本科,无要求,10年以上,240000.0,336000.0,10000.0,
269,数据开发,上海·静安·大宁路,数据开发,上海瑞稼房地产经纪有限公司,民营,大专,无要求,经验不限,96000.0,144000.0,100.0,299.0
270,数据开发,上海·浦东·花木,数据开发,其他,合资,学历不限,无要求,经验不限,72000.0,84000.0,500.0,999.0
271,数据开发,上海·嘉定·新成路,大数据工程师,山东伯睿英联企业管理咨询有限公司,股份制企业,本科,Python Shell SQL Scala,5-10年,560000.0,700000.0,20.0,99.0
272,数据开发,上海·杨浦·江浦路,数据开发,其他,其它,本科,无要求,3-5年,192000.0,228000.0,10000.0,
273,数据开发,上海·杨浦·江浦路,数据开发,其他,国企,本科,无要求,经验不限,96000.0,108000.0,1000.0,9999.0
274,数据开发,上海·浦东·唐镇,数据接入与治理岗（上海）,昆仑太科(北京)技术股份有限公司,国企,本科,R语言 金融数据分析,经验不限,96000.0,180000.0,300.0,499.0
275,数据开发,上海·杨浦·新江湾城,Data supply chain,阿尔泰克,外商独资,大专,无要求,5-10年,180000.0,240000.0,1000.0,9999.0
276,数据开发,上海·浦东·张江,数据开发,大连思泰克科技有限公司,外商独资,大专,无要求,5-10年,195000.0,325000.0,100.0,299.0
277,数据开发,上海·长宁·新泾,ai数据标注,上海微创软件股份有限公司,合资,大专,无要求,1-3年,108000.0,120000.0,10000.0,
278,数据开发,上海·长宁·江苏路,市场营销部数据专员,上海旗盈企业管理咨询有限公司,民营,大专,无要求,经验不限,60000.0,84000.0,100.0,299.0
279,数据开发,上海·静安·南京西路,电信云网大数据平台运维工程师,上海安迪人力资源服务有限公司,股份制企业,本科,Hadoop Flink Spark Impala Kudu 数据平台 HBase,3-5年,240000.0,300000.0,500.0,999.0
280,数据开发,上海·浦东·张江,数据开发,萨孚凯信息系统(无锡)有限公司,外商独资,大专,无要求,10年以上,260000.0,390000.0,100.0,299.0
281,数据开发,上海·浦东·陆家嘴,房抵贷款专员/每天30条新数据,上海致牌金融信息服务有限公司,民营,学历不限,无要求,经验不限,240000.0,360000.0,20.0,99.0
282,数据开发,上海·浦东·金杨新村,销售经理、数据分析、储备店长、无责保障底薪8k,上海链家地产,民营,本科,无要求,经验不限,132000.0,264000.0,10000.0,
283,数据开发,上海·普陀·长风新村,大数据平台工程师（Apache Superset方向）,其他,民营,本科,APACHE SUPERSET,5-10年,360000.0,420000.0,10000.0,
284,数据开发,上海·浦东·陆家嘴,贷款客户经理/每天30新数据/客户主动上门,上海致牌金融信息服务有限公司,民营,学历不限,无要求,经验不限,216000.0,300000.0,20.0,99.0
285,数据开发,上海·徐汇·虹梅路,线下+线上，综合型投资，以大数据做支撑新运营,上海链家地产,民营,本科,市场数据分析,经验不限,72000.0,144000.0,10000.0,
286,数据开发,上海·宝山·高境,数据开发,其他,民营,本科,DGC,3-5年,182000.0,234000.0,10000.0,
287,数据开发,上海·黄浦·半淞园路,大数据运维工程师,其他,股份制企业,本科,无要求,1-3年,96000.0,180000.0,100.0,299.0
288,数据开发,上海·静安·南京西路,销售顾问＋数据分析+资产管理专家,上海链家地产,民营,本科,无要求,经验不限,156000.0,216000.0,10000.0,
289,数据开发,上海·长宁·江苏路,数据统计员,其他,民营,大专,无要求,经验不限,72000.0,84000.0,100.0,299.0
290,数据开发,上海·虹桥,数据分析（销售支持）,其他,上市公司,本科,无要求,1年以下,78000.0,130000.0,10000.0,
291,数据开发,上海·黄浦·打浦桥,数据开发,浙江金诺通科技有限公司,民营,大专,无要求,1-3年,60000.0,96000.0,100.0,299.0
293,数据开发,上海·浦东·陆家嘴,银行贷款/每天30条新数据,上海致牌金融信息服务有限公司,民营,学历不限,无要求,经验不限,240000.0,360000.0,20.0,99.0
294,数据开发,上海·浦东·张江,数据开发,安徽长至企业管理有限公司,,本科,无要求,1-3年,180000.0,264000.0,,20.0
295,数据开发,上海·闵行·吴泾,数据分析师,高恩船舶维护技术咨询(上海)有限公司,外商独资,学历不限,无要求,经验不限,96000.0,168000.0,20.0,99.0
296,数据开发,上海·徐汇·徐家汇,数据开发,上海思勃商务咨询有限公司,民营,本科,无要求,经验不限,78000.0,104000.0,20.0,99.0
297,数据开发,上海·浦东·陆家嘴,电话销售无责六千精准数据福利多多,上海锝升科技有限公司,民营,学历不限,无要求,经验不限,195000.0,260000.0,300.0,499.0
298,数据开发,上海·松江·中山,数据分析助理,杭州新美营销管理有限公司,民营,大专,无要求,1-3年,60000.0,84000.0,100.0,299.0
299,数据开发,上海·浦东·航头,销售数据信息员,上海臻闳汽车销售有限公司,,中专/中技,无要求,1-3年,72000.0,96000.0,20.0,99.0
300,数据开发,上海·虹桥,数据开发,其他,股份制企业,本科,贷后管理 数据分析 SAS SQL Python,1-3年,140000.0,280000.0,10000.0,
301,数据开发,上海·浦东·张江,数据分析岗,上海数治数据科技有限公司,民营,大专,数据分析 SPSS 数据挖掘 Python 机器学习 数据建模 数据治理 行业分析,经验不限,70000.0,112000.0,20.0,99.0
302,数据开发,上海·长宁·江苏路,数据标注员,其他,民营,大专,无要求,1年以下,72000.0,96000.0,100.0,299.0
303,数据开发,上海·长宁·新泾,数据开发,泉盛餐饮(上海)有限公司,外商独资,大专,SQL 报表开发 Power BI,1-3年,180000.0,240000.0,1000.0,9999.0
304,数据开发,上海·闵行·虹桥,数据分析员,其他,上市公司,本科,无要求,1-3年,72000.0,96000.0,10000.0,
305,数据开发,上海·杨浦·四平路,数据开发,上海欧萨数据技术有限公司,民营,本科,无要求,经验不限,120000.0,156000.0,100.0,299.0
306,数据开发,上海·静安·大宁路,数据顾问/项目经理,其他,其它,大专,无要求,3-5年,120000.0,240000.0,10000.0,
307,数据开发,上海·徐汇·虹梅路,比邻商务区，人气足+不动产综合销售，数据分析+五险一金,上海链家地产,民营,本科,无要求,经验不限,96000.0,192000.0,10000.0,
308,数据开发,上海·浦东·北蔡,数据开发,本冠生物科技(上海)有限公司,民营,大专,无要求,1-3年,72000.0,96000.0,20.0,99.0
310,数据开发,上海·长宁·虹桥,霸王茶姬-初级数据分析-上海(A107625),其他,民营,本科,无要求,1-3年,96000.0,120000.0,1000.0,9999.0
311,数据开发,上海·徐汇·漕河泾,数据专员,上海三渡,民营,本科,无要求,1-3年,91000.0,130000.0,100.0,299.0
312,数据开发,上海·闵行·新虹,数据统计员,上海卓斯顿贸易商行,,本科,无要求,1-3年,72000.0,120000.0,20.0,99.0
313,数据开发,上海·闵行·颛桥,管培生+住宿方案+保障8k+全面培训1V1带教+贷款金融数据运营,上海链家地产,民营,本科,住宅房产 商业房产 办公房产 新房 二手房 别墅 电话销售 网络销售 门店销售 五险一金 年终奖金 团建福利 带薪培训 带薪年假,经验不限,96000.0,192000.0,10000.0,
316,数据开发,上海·闵行·虹桥,数据开发,上海链家地产,民营,本科,无要求,经验不限,96000.0,192000.0,10000.0,
317,数据开发,上海·宝山·杨行,数据文员,上海万色供应链管理有限公司,民营,大专,无要求,3-5年,60000.0,72000.0,500.0,999.0
318,数据开发,上海·浦东·洋泾,数据开发,北京新诚优聘咨询服务有限公司,合资,学历不限,无要求,经验不限,72000.0,84000.0,1000.0,9999.0
319,数据开发,上海·浦东·金杨新村,房产大数据置业顾问,上海链家地产,民营,本科,无要求,经验不限,96000.0,108000.0,10000.0,
320,数据开发,上海·闵行·华漕,订单与ERP数据管理主管,上海大简农业科技有限公司,民营,大专,无要求,3-5年,84000.0,108000.0,100.0,299.0
321,数据开发,上海·浦东·唐镇,数据开发,其他,外商独资,大专,无要求,经验不限,60000.0,84000.0,300.0,499.0
322,数据开发,上海·杨浦·五角场,数据运营,上海辰玉贸易有限公司,,本科,无要求,1-3年,120000.0,132000.0,20.0,99.0
323,数据开发,上海·杨浦·五角场,网络数据采集员,上海科迪威贸易商行,,本科,无要求,1-3年,60000.0,120000.0,,20.0
325,数据开发,上海·徐汇·斜土路,sfe数据分析专员,其他,上市公司,本科,无要求,经验不限,120000.0,180000.0,1000.0,9999.0
326,数据开发,上海·浦东·金桥,数据开发,其他,上市公司,本科,无要求,经验不限,96000.0,120000.0,1000.0,9999.0
327,数据开发,上海·普陀·长寿路,数据开发,山东浪潮数字服务有限公司,国企,大专,数据治理 Python,3-5年,108000.0,120000.0,500.0,999.0
328,数据开发,上海·青浦·朱家角,数据开发,河北荟思信息咨询服务有限公司,民营,本科,无要求,1-3年,120000.0,144000.0,20.0,99.0
329,数据开发,上海·徐汇·田林,数据开发,上海链家地产,民营,本科,无要求,经验不限,96000.0,192000.0,10000.0,
330,数据开发,上海·长宁·新华路,数据分析师,宽岱睿保(上海)信息技术有限公司,民营,大专,无要求,经验不限,112000.0,210000.0,20.0,99.0
331,数据开发,上海·静安·南京西路,数据开发,TOTO,外商独资,大专,无要求,经验不限,120000.0,195000.0,100.0,299.0
332,数据开发,上海·浦东·航头,数据审核专员,上海陆杰电子科技有限公司,民营,大专,无要求,3-5年,52000.0,78000.0,100.0,299.0
333,数据开发,上海·浦东·康桥,数据开发,浙江外服人力资源服务有限公司,国企,学历不限,无要求,1-3年,130000.0,195000.0,100.0,299.0
335,数据开发,上海·浦东·康桥,数据标注 (MJ000146),其他,民营,本科,无要求,3-5年,195000.0,390000.0,500.0,999.0
337,数据开发,上海·浦东·陆家嘴,数据管理服务助理（数据验证与研究方向）- 金融机构派驻,上海元年金融信息服务有限公司,民营,本科,数据测试 数据治理 Python VBA SQL 敏捷服务 R语言 Tableau,1-3年,96000.0,192000.0,100.0,299.0
338,数据开发,上海·杨浦·五角场,网络数据文员,上海辰玉贸易有限公司,,大专,无要求,1-3年,84000.0,108000.0,20.0,99.0
339,数据开发,上海·闵行·吴泾,数据分析助理,阿伽科技(上海)有限公司,民营,本科,数据治理 Python Sql ETL工具,1年以下,96000.0,144000.0,,20.0
340,数据开发,上海·徐汇·虹梅路,Saas软件销售/大数据软件/双休五险一金,其他,民营,本科,无要求,经验不限,96000.0,168000.0,1000.0,9999.0
341,数据开发,上海·浦东·金桥,数据开发,其他,上市公司,大专,无要求,3-5年,84000.0,96000.0,1000.0,9999.0
342,数据开发,上海·浦东·陆家嘴,房抵客户经理/每天30新数据/客户主动上门,上海致牌金融信息服务有限公司,民营,学历不限,无要求,经验不限,216000.0,300000.0,20.0,99.0
343,数据开发,上海·徐汇·枫林路,IT数据专员,上海力山生物医药有限公司,民营,本科,Shell C语言 Python C# C++ MongoDB MySQL,经验不限,96000.0,144000.0,20.0,99.0
344,数据开发,上海·徐汇·虹梅路,顾问型、综合型销售，以大数据做支撑新运营,上海链家地产,民营,本科,无要求,经验不限,72000.0,144000.0,10000.0,
345,数据开发,上海·崇明·向化,农场数据员,上海今喜农新农业发展集团有限公司,民营,学历不限,无要求,1-3年,48000.0,60000.0,20.0,99.0
346,数据开发,上海·杨浦·平凉路,数据分析专员,上海利真,民营,本科,无要求,1-3年,104000.0,156000.0,1000.0,9999.0
347,数据开发,上海·浦东·康桥,数据分析师,其他,民营,本科,无要求,经验不限,84000.0,96000.0,500.0,999.0
348,数据开发,上海·浦东·陆家嘴,数据管理服务助理（数据统计方向）- 金融机构派驻,上海元年金融信息服务有限公司,民营,本科,理财数据分析 证券数据分析 基金数据分析 VBA Python SQL BI智能工具,1-3年,96000.0,192000.0,100.0,299.0
349,数据开发,上海·松江·方松,数据开发,上海科锐派信息科技有限公司,合资,学历不限,无要求,经验不限,72000.0,96000.0,,20.0
350,数据开发,上海·浦东·潍坊新村,高薪电话销售+精准数据+新人试用期1.5万+,上海汇浙互联网金融信息服务有限公司,民营,中专/中技,企业客户 院校客户 个人客户,经验不限,168000.0,288000.0,100.0,299.0
351,数据开发,上海·松江·新桥,数据统计员,上海润莺食品有限公司,民营,大专,无要求,1-3年,84000.0,120000.0,100.0,299.0
352,数据开发,上海·闵行·古美,数据开发,上海链家地产,民营,本科,个人客户 房地产,经验不限,96000.0,180000.0,10000.0,
353,数据开发,上海·黄浦·五里桥,电力交易数据运营岗,翰竺科技(北京)有限公司,外商独资,本科,电力,1-3年,96000.0,156000.0,100.0,299.0
354,数据开发,上海·杨浦·五角场,网络数据采集员,苏州蜗牛环保科技有限公司,民营,本科,无要求,1-3年,60000.0,96000.0,,20.0
355,数据开发,上海·闵行·江川路,互联网电商/大数据软件推广专员,新骅光医疗科技集团有限公司,民营,高中,无要求,1-3年,84000.0,168000.0,1000.0,9999.0
356,数据开发,上海·金杨新村,销售经理、数据分析、财务管理、房产运营、链家直聘,上海链家地产,民营,本科,无要求,经验不限,216000.0,312000.0,10000.0,
357,数据开发,上海·浦东·花木,数据分析助理（双休）,杭州烛名科技有限公司,民营,本科,无要求,经验不限,120000.0,192000.0,100.0,299.0
358,数据开发,上海·静安·大宁路,数据处理专员,上海克而瑞信息技术有限公司,外商独资,本科,无要求,1-3年,84000.0,120000.0,1000.0,9999.0
359,数据开发,上海·黄浦·半淞园路,o2o形式+vr黑科技+专业顾问- 管培生数据运营,上海链家地产,民营,本科,无要求,经验不限,160000.0,320000.0,10000.0,
360,数据开发,上海·浦东·陆家嘴,高薪电话销售月入5w+/分配精准客户数据,融亿诚信息技术(深圳)有限公司,民营,学历不限,企业客户 KA大客户 医疗机构 课程顾问 电话销售 客服,经验不限,240000.0,420000.0,100.0,299.0
361,数据开发,上海·徐汇·漕河泾,数据仓库,八六三软件,国企,大专,无要求,3-5年,168000.0,192000.0,500.0,999.0
362,数据开发,上海·黄浦·南京东路,数据分析师课程/培训招生上海,51Testing,民营,大专,无要求,经验不限,96000.0,180000.0,100.0,299.0
363,数据开发,上海·浦东·陆家嘴,金融街销售-精准数据-彩票式销售,其他,民营,学历不限,无要求,经验不限,480000.0,960000.0,300.0,499.0
364,数据开发,上海·静安·江宁路,【校招】数据分析岗,中国邮电器材集团有限公司,国企,本科,无要求,经验不限,120000.0,180000.0,1000.0,9999.0
366,数据开发,上海·浦东·潍坊新村,市区住宿金融销售/最快一周开单/精准数据,上海欣机会互联网金融信息服务有限公司,其它,大专,无要求,经验不限,96000.0,192000.0,300.0,499.0
367,数据开发,上海·徐汇·虹梅路,有人教+有人带+以大数据做支撑新运营+500强企业,上海链家地产,民营,本科,销售经理 店面销售 电话销售 网络销售 面销,经验不限,72000.0,144000.0,10000.0,
368,数据开发,上海·浦东·塘桥,贷后数据支持岗,其他,民营,本科,无要求,经验不限,108000.0,120000.0,500.0,999.0
369,数据开发,上海·静安·彭浦,对账数据文员,一橙网络,股份制企业,大专,无要求,1-3年,72000.0,96000.0,1000.0,9999.0
370,数据开发,上海·青浦·华新,物流专员（数据分析）(J13123),其他,股份制企业,大专,无要求,1-3年,78000.0,104000.0,10000.0,
371,数据开发,上海·宝山·庙行,数据开发,其他,上市公司,中专/中技,无要求,经验不限,72000.0,84000.0,1000.0,9999.0
372,数据开发,上海·浦东·金桥,数据开发,其他,上市公司,大专,无要求,3-5年,84000.0,96000.0,1000.0,9999.0
373,数据开发,上海·嘉定·安亭,数据专员,赛可斯汽车零部件(上海)股份有限公司,股份制企业,大专,无要求,1-3年,60000.0,120000.0,20.0,99.0
374,数据开发,上海·浦东·塘桥,手游数据分析,其他,股份制企业,学历不限,无要求,1-3年,120000.0,240000.0,100.0,299.0
375,数据开发,上海·浦东·三林,数据开发,其他,上市公司,本科,无要求,1-3年,104000.0,156000.0,1000.0,9999.0
376,数据开发,上海·静安·南京西路,数据助理,上海启冀文化传播有限公司,民营,本科,无要求,1-3年,72000.0,96000.0,20.0,99.0
377,数据开发,上海·闵行·虹桥,数据开发,其他,上市公司,本科,无要求,1-3年,78000.0,130000.0,10000.0,
378,数据开发,上海·浦东·陆家嘴,大客户经理+30新数据/天,融亿诚信息技术(深圳)有限公司,民营,学历不限,无要求,经验不限,216000.0,312000.0,100.0,299.0
379,数据开发,上海·嘉定·徐行,数据中心运维,北京技捷信通科技有限公司,,大专,无要求,1-3年,96000.0,120000.0,20.0,99.0
