Unnamed: 0,position,city,specific_position,company_name,company_size,company_type,salary,education,ability,experience,min_annual_salary,max_annual_salary
0,前端开发,上海·静安·静安寺,前端开发,上海亚太计算机信息系统有限公司,500-999人,国企,1万-1.6万,大专,无要求,1-3年,120000.0,192000.0
1,前端开发,上海·徐汇·湖南路,前端开发,福州一九科技有限公司,培训/辅导服务,20-99人,1万-1.4万·14薪,本科,无要求,1-3年,140000.0,196000.0
2,前端开发,上海·虹口·北外滩,前端开发工程师,上海胜蓝软件技术服务有限公司,20-99人,民营,8千-1.1万,本科,无要求,无经验,96000.0,132000.0
3,前端开发,上海·静安·大宁路,前端开发工程师,上海天补科技有限公司,100-299人,民营,1.5万-2.5万,本科,无要求,3-5年,180000.0,300000.0
4,前端开发,上海·杨浦·大桥,前端开发,外企德科,1000-9999人,合资,1.5万-1.7万,本科,无要求,3-5年,180000.0,204000.0
5,前端开发,上海·徐汇·徐家汇,高级软件开发工程师（偏前端）,长煦信息技术咨询（上海）有限公司,20-99人,外商独资,1.5万-2.2万·13薪,本科,无要求,5-10年,195000.0,286000.0
6,前端开发,上海·徐汇·徐家汇,前端开发,其他,1000-9999人,民营,1.5万-2万,本科,无要求,3-5年,180000.0,240000.0
7,前端开发,上海·浦东·周家渡,前端开发工程师,上海远资信息技术有限公司,100-299人,国企,5千-7千,大专,无要求,经验不限,60000.0,84000.0
8,前端开发,上海·长宁·新泾,前端开发工程师,上海微创软件股份有限公司,10000人以上,合资,1.9万-2.3万,本科,无要求,3-5年,228000.0,276000.0
9,前端开发,上海·浦东·曹路,前端开发,上海长庚信息技术股份有限公司,20-99人,民营,1.5万-2万,本科,无要求,3-5年,180000.0,240000.0
10,前端开发,上海·浦东·张江,Web前端开发工程师（化工、生物、制药相关专业或行业经验）,上海畅涵信息技术有限公司,20人以下,民营,1万-2万,大专,无要求,1-3年,120000.0,240000.0
11,前端开发,上海·徐汇·虹梅路,前端开发,上海微创软件股份有限公司,10000人以上,合资,1.5万-1.7万,本科,无要求,1-3年,180000.0,204000.0
12,前端开发,上海·浦东·塘桥,React前端开发,上海锐赢,20-99人,民营,1.4万-2万,本科,无要求,3-5年,168000.0,240000.0
13,前端开发,上海·静安·北站,前端开发,广州秒到信息科技有限公司,20人以下,民营,1.7万-1.9万,本科,无要求,经验不限,204000.0,228000.0
14,前端开发,上海·杨浦·新江湾城,游戏前端开发,上海微创软件股份有限公司,10000人以上,合资,1.7万-1.9万,本科,无要求,3-5年,204000.0,228000.0
15,前端开发,上海·普陀·长征,证券前端销售/接受小白/五险一金,上海中广云证券咨询有限公司,100-299人,民营,1万-2万,学历不限,无要求,经验不限,120000.0,240000.0
16,前端开发,上海·浦东·金桥,前端开发,外企德科数字技术有限公司,人力资源服务,10000人以上,1.5万-3万·14薪,本科,无要求,1-3年,210000.0,420000.0
17,前端开发,上海·浦东·张江,前端开发,上海微创软件股份有限公司,10000人以上,合资,1.2万-1.3万,本科,无要求,1-3年,144000.0,156000.0
18,前端开发,上海·杨浦·大桥,前端开发,重庆美音网络科技有限公司,500-999人,民营,8千-1.6万,大专,无要求,经验不限,96000.0,192000.0
19,前端开发,上海·浦东·陆家嘴,前端开发,郑州沃克尔人力资源管理有限责任公司,20-99人,民营,8千-1.3万,学历不限,无要求,1-3年,96000.0,156000.0
20,前端开发,上海·浦东·张江,前端开发,上海微创软件股份有限公司,10000人以上,合资,1.2万-1.3万,本科,无要求,1-3年,144000.0,156000.0
21,前端开发,上海·虹口·北外滩,系统运维工程师,上海益中亘泰(集团)股份有限公司,10000人以上,民营,8千-1.1万·14薪,本科,Java 低代码 前端,无经验,112000.0,154000.0
22,前端开发,上海·浦东·康桥,前端开发工程师（2024校招）,其他,1000-9999人,上市公司,8千-1.3万,本科,无要求,经验不限,96000.0,156000.0
23,前端开发,上海·黄浦·五里桥,Angular前端开发工程师,上海微创软件股份有限公司,10000人以上,合资,2万-2.2万,本科,无要求,5-10年,240000.0,264000.0
24,前端开发,上海·浦东·金桥,前端开发,外企德科,1000-9999人,合资,1.5万-3万·14薪,本科,无要求,经验不限,210000.0,420000.0
25,前端开发,上海·青浦·徐泾,前端开发,外企德科数字技术有限公司,人力资源服务,10000人以上,1.5万-3万·14薪,本科,无要求,1-3年,210000.0,420000.0
26,前端开发,上海·杨浦·新江湾城,前端开发工程师,中国电子科技集团公司第三十六研究所,1000-9999人,国企,2千-3千,本科,无要求,经验不限,24000.0,36000.0
28,前端开发,上海·浦东·金桥,前端开发,外企德科数字技术有限公司,人力资源服务,10000人以上,1.2万-2.2万·14薪,本科,无要求,经验不限,168000.0,308000.0
29,前端开发,上海·浦东·金桥,前端开发,外企德科,1000-9999人,合资,1.5万-3万·14薪,本科,无要求,经验不限,210000.0,420000.0
30,前端开发,上海·浦东·唐镇,前端开发,广州秒到信息科技有限公司,20人以下,民营,1.6万-1.8万,本科,后端 前端 计算机,无经验,192000.0,216000.0
31,前端开发,上海·青浦·金泽,前端开发,外企德科数字技术有限公司,人力资源服务,10000人以上,1.5万-2万·14薪,本科,无要求,经验不限,210000.0,280000.0
32,前端开发,上海·浦东·金桥,前端开发,外企德科,1000-9999人,合资,1.2万-2.4万,本科,C Javascript Spring,经验不限,144000.0,288000.0
33,前端开发,上海·浦东·潍坊新村,前端开发,广州秒到信息科技有限公司,20人以下,民营,1.6万-1.8万,本科,无要求,经验不限,192000.0,216000.0
34,前端开发,上海·青浦·金泽,前端开发,外企德科数字技术有限公司,人力资源服务,10000人以上,1.5万-3万·14薪,本科,无要求,经验不限,210000.0,420000.0
35,前端开发,上海·浦东·金桥,前端开发,外企德科,1000-9999人,合资,1万-1.4万·14薪,本科,无要求,1-3年,140000.0,196000.0
36,前端开发,上海·青浦·徐泾,前端开发,湖州轩逸人力资源服务有限公司,1000-9999人,民营,9千-1.1万,大专,无要求,经验不限,108000.0,132000.0
37,前端开发,上海·浦东·金桥,前端开发,外企德科数字技术有限公司,人力资源服务,10000人以上,1.5万-3万·15薪,本科,Python C++ Java,经验不限,225000.0,450000.0
38,前端开发,上海·浦东·金桥,前端开发,外企德科,1000-9999人,合资,1.5万-3万·14薪,本科,无要求,经验不限,210000.0,420000.0
39,前端开发,上海·浦东·塘桥,前端,其他,1000-9999人,民营,1.4万-2.8万,大专,CSS Vue React,3-5年,168000.0,336000.0
40,前端开发,上海·闵行·吴泾,前端开发,浙江邦芒企业服务有限公司,1000-9999人,民营,1.7万-2万,学历不限,无要求,1-3年,204000.0,240000.0
41,前端开发,上海·浦东·金桥,前端开发,外企德科数字技术有限公司,人力资源服务,10000人以上,1.5万-3万·14薪,本科,Python C++ C Java 通信/物联网/自动化 嵌入式,经验不限,210000.0,420000.0
42,前端开发,上海·奉贤·金海,前端工程师（提供免费食宿）,普华诚信信息技术有限公司,100-299人,合资,5千-9千,本科,CSS JavaScript HTML5,经验不限,60000.0,108000.0
43,前端开发,上海·浦东·金桥,中级java工程师,其他,500-999人,合资,9千-1.3万,本科,无要求,3-5年,108000.0,156000.0
45,前端开发,上海·闵行·新虹,前端开发,其他,1000-9999人,上市公司,8千-1.3万,大专,无要求,1-3年,96000.0,156000.0
46,前端开发,上海·浦东·金桥,前端开发,外企德科数字技术有限公司,人力资源服务,10000人以上,1.5万-3万·14薪,本科,JavaScript C++ Python MySQL Spring,经验不限,210000.0,420000.0
47,前端开发,上海·闵行·浦锦,WEB前端开发-上海-自研直招,其他,500-999人,上市公司,1.1万-1.6万,本科,无要求,1-3年,132000.0,192000.0
48,前端开发,上海·浦东·潍坊新村,web前端开发工程师,上海敖凸曼网络科技有限公司,互联网,100-299人,1.4万-1.8万,本科,无要求,1-3年,168000.0,216000.0
49,前端开发,上海·浦东·金桥,前端开发,外企德科数字技术有限公司,人力资源服务,10000人以上,1.2万-2.4万·14薪,本科,无要求,经验不限,168000.0,336000.0
50,前端开发,上海·浦东·康桥,前端工程师,上海邦阔信息科技有限公司,20-99人,民营,5千-8千,学历不限,无要求,经验不限,60000.0,96000.0
51,前端开发,上海·松江·中山,软件开发工程师（MIS）,达丰（上海）电脑有限公司 ,10000人以上,合资,6千-8千,本科,无要求,无经验,72000.0,96000.0
53,前端开发,上海·静安·大宁路,前端开发（线上一轮面试+周末双休+不倦）,上海信息人才服务有限公司,100-299人,国企,1.4万-1.6万,本科,无要求,3-5年,168000.0,192000.0
54,前端开发,上海·静安·天目西路,前端开发,安徽佩禹企业管理咨询有限公司,餐饮服务,20人以下,2万-3万·13薪,学历不限,无要求,1-3年,260000.0,390000.0
55,前端开发,上海·金山·漕泾,内操操作工（前端）,其他,20-99人,民营,9千-1.1万,大专,无要求,1-3年,108000.0,132000.0
56,前端开发,上海·浦东·张江,前端开发,其他,1000-9999人,股份制企业,1.3万-1.4万,本科,无要求,经验不限,156000.0,168000.0
57,前端开发,上海·普陀·曹杨新村,前端开发工程师,仁卅信息科技(上海)有限公司,500-999人,外商独资,8千-9千·13薪,大专,无要求,1-3年,104000.0,117000.0
58,前端开发,上海·浦东·金桥,前端开发,外企德科数字技术有限公司,人力资源服务,10000人以上,1万-2万·14薪,本科,无要求,经验不限,140000.0,280000.0
59,前端开发,上海·浦东·金桥,前端开发,广州秒到信息科技有限公司,20人以下,民营,1.8万-2万,本科,无要求,无经验,216000.0,240000.0
60,前端开发,上海·宝山·杨行,中级前端开发工程师,上海碳信智成信息技术有限公司,100-299人,民营,1.5万-2.3万,大专,无要求,3-5年,180000.0,276000.0
61,前端开发,上海·浦东·北蔡,前端开发工程师,山东东弘国际船员管理有限公司,1000-9999人,民营,1.1万-1.5万,大专,无要求,3-5年,132000.0,180000.0
62,前端开发,上海·浦东·金桥,前端开发,外企德科数字技术有限公司,人力资源服务,10000人以上,1.5万-3万·14薪,本科,无要求,经验不限,210000.0,420000.0
63,前端开发,上海·浦东·金桥,前端开发,外企德科,1000-9999人,合资,1.5万-3万·14薪,本科,无要求,经验不限,210000.0,420000.0
64,前端开发,上海·静安·大宁路,前端开发工程师,上海信息人才服务有限公司,100-299人,国企,1.4万-1.8万,学历不限,无要求,3-5年,168000.0,216000.0
65,前端开发,上海·浦东·金桥,初级前端,其他,500-999人,合资,9千-1万,本科,无要求,1-3年,108000.0,120000.0
66,前端开发,上海·浦东·金桥,前端开发,外企德科,1000-9999人,合资,1.8万-3.5万·14薪,本科,无要求,经验不限,252000.0,490000.0
67,前端开发,上海·浦东·唐镇,鸿蒙开发,其他,1000-9999人,上市公司,1.8万-3万,大专,无要求,经验不限,216000.0,360000.0
68,前端开发,上海·浦东·金桥,前端开发,外企德科数字技术有限公司,人力资源服务,10000人以上,1.2万-2.4万·14薪,本科,C++ C Python,经验不限,168000.0,336000.0
69,前端开发,上海·浦东·金桥,前端开发,外企德科,1000-9999人,合资,1.5万-3万·15薪,本科,无要求,经验不限,225000.0,450000.0
70,前端开发,上海·闵行·七宝,业务跟单-前端,安碁科技(深圳)有限公司,100-299人,外商独资,7千-1万,大专,无要求,1-3年,84000.0,120000.0
71,前端开发,上海·浦东·金桥,前端开发,外企德科数字技术有限公司,人力资源服务,10000人以上,1.2万-2.4万·14薪,本科,无要求,经验不限,168000.0,336000.0
74,前端开发,上海·黄浦·半淞园路,前端开发,上海帆立信息科技有限公司宁波分公司,人工智能,100-299人,9千-1.8万,本科,无要求,1-3年,108000.0,216000.0
75,前端开发,上海·青浦·金泽,前端开发,外企德科数字技术有限公司,人力资源服务,10000人以上,1.5万-3万,本科,无要求,经验不限,180000.0,360000.0
77,前端开发,上海·浦东·唐镇,前端,北京晏英科技有限公司,咨询服务,20人以下,1.2万-2.4万,本科,无要求,3-5年,144000.0,288000.0
79,前端开发,上海·静安·彭浦,前端开发,上海吾道信息科技有限公司,10000人以上,民营,1.5万-2.5万,本科,无要求,3-5年,180000.0,300000.0
80,前端开发,上海·浦东·陆家嘴,前端开发,上海邦芒人力资源有限公司,500-999人,民营,1.2万-1.7万,本科,无要求,1-3年,144000.0,204000.0
81,前端开发,上海·闵行·虹桥,移动web前端开发实习生,上海熵变网络科技有限公司,20-99人,民营,5千-8千,本科,无要求,无经验,60000.0,96000.0
82,前端开发,上海·静安·彭浦,前端开发工程师,兰州沐先信息科技咨询有限公司,20人以下,外商独资,1万-2万,大专,无要求,3-5年,120000.0,240000.0
83,前端开发,上海·杨浦·五角场,前端开发,上海比孚信息科技有限公司,100-299人,民营,1.7万-2.3万,大专,无要求,5-10年,204000.0,276000.0
84,前端开发,上海·杨浦·新江湾城,前端开发,大连弗斯特高新人才发展管理有限公司,100-299人,民营,2万-2.4万,大专,无要求,3-5年,240000.0,288000.0
85,前端开发,上海·浦东·张江,node.js/TypeScript后端开发,北京众策科技咨询有限公司,20-99人,民营,1.4万-2万,本科,无要求,5-10年,168000.0,240000.0
86,前端开发,上海·黄浦·小东门,前端开发,其他,300-499人,民营,1.6万-2.4万,本科,无要求,5-10年,192000.0,288000.0
89,前端开发,上海·闵行·虹桥,前端开发,其他,10000人以上,民营,1.4万-2万,大专,无要求,3-5年,168000.0,240000.0
90,前端开发,上海·浦东·唐镇,原生安卓前端开发工程师,其他,500-999人,上市公司,1.3万-2万,本科,无要求,5-10年,156000.0,240000.0
91,前端开发,上海·杨浦·大桥,前端开发,外企德科数字技术有限公司,人力资源服务,10000人以上,1.4万-2万,本科,无要求,3-5年,168000.0,240000.0
92,前端开发,上海·普陀·长征,前端开发,摩陀娑罗(上海)航天科技有限公司,20人以下,股份制企业,1万-2万,本科,JavaScript HTML CSS .NET 网站架构 网站后端 网站开发 Java,3-5年,120000.0,240000.0
94,前端开发,上海·静安·大宁路,前端开发工程师,上海信息人才服务有限公司,100-299人,国企,1.3万-1.6万,本科,无要求,1-3年,156000.0,192000.0
95,前端开发,上海·浦东·陆家嘴,前端开发工程师-上海,其他,1000-9999人,外商独资,1.5万-1.7万,大专,无要求,3-5年,180000.0,204000.0
96,前端开发,上海·浦东·金桥,前端开发,外企德科数字技术有限公司,人力资源服务,10000人以上,1.4万-2.8万·14薪,本科,无要求,1-3年,196000.0,392000.0
97,前端开发,上海·静安·彭浦,前端开发工程师,尚学博志(上海)教育科技有限公司,20-99人,民营,1万-2万,本科,无要求,1-3年,120000.0,240000.0
98,前端开发,上海·浦东·南汇新城,前端工程师,上海睿泓迪科技有限公司,互联网,20人以下,8千-9千·14薪,本科,CSS JavaScript HTML5,经验不限,112000.0,126000.0
99,前端开发,上海·浦东·金桥,前端开发,外企德科数字技术有限公司,人力资源服务,10000人以上,1.5万-3万·14薪,本科,无要求,经验不限,210000.0,420000.0
100,前端开发,上海·浦东·康桥,前端开发工程师,其他,1000-9999人,上市公司,1.5万-2.3万,本科,无要求,3-5年,180000.0,276000.0
101,前端开发,上海·浦东·金桥,前端开发,外企德科,1000-9999人,合资,1.5万-2万·14薪,本科,无要求,经验不限,210000.0,280000.0
102,前端开发,上海·浦东·金桥,前端开发,外企德科数字技术有限公司,人力资源服务,10000人以上,1.6万-3万·14薪,本科,无要求,经验不限,224000.0,420000.0
103,前端开发,上海·普陀·石泉路,h5前端开发工程师,其他,1000-9999人,股份制企业,1.3万-1.6万,大专,无要求,3-5年,156000.0,192000.0
104,前端开发,上海·静安·湖南路,前端开发,黑龙江渡一信息技术开发有限公司,20-99人,民营,1.5万-3万,本科,无要求,3-5年,180000.0,360000.0
105,前端开发,上海·浦东·金桥,前端开发,外企德科数字技术有限公司,人力资源服务,10000人以上,1.6万-2.6万·14薪,本科,无要求,经验不限,224000.0,364000.0
108,前端开发,上海·徐汇·湖南路,web前端工程师,广州咔乐文化有限公司,20-99人,其它,1.1万-1.3万,大专,CSS,经验不限,132000.0,156000.0
109,前端开发,上海·闵行·新虹,前端开发,陕西云鸟信息技术服务有限公司,计算机软件,20-99人,6千-8千,大专,CSS JavaScript HTML5 Vue,1-3年,72000.0,96000.0
110,前端开发,上海·浦东·花木,前端开发,北京瑞友科技股份有限公司,1000-9999人,民营,1.1万-1.8万,大专,无要求,3-5年,132000.0,216000.0
111,前端开发,上海·闵行·七宝,销售跟单-前端,安碁科技(深圳)有限公司,100-299人,外商独资,7千-1万,大专,无要求,1-3年,84000.0,120000.0
112,前端开发,上海·浦东·唐镇,前端开发,沈阳思诺科技有限公司,100-299人,民营,1万-2万,本科,无要求,3-5年,120000.0,240000.0
113,前端开发,上海·浦东·金桥,前端开发,外企德科数字技术有限公司,人力资源服务,10000人以上,1.5万-3万,本科,无要求,经验不限,180000.0,360000.0
114,前端开发,上海·普陀·长征,Web前端工程师（上海）,长城保险经纪有限公司,1000-9999人,民营,8千-1.5万,大专,web前端,1-3年,96000.0,180000.0
115,前端开发,上海·闵行·七宝,前端开发工程师（需长期出差）,上海红鲤计算机科技服务有限公司,20-99人,股份制企业,1.5万-3万,学历不限,无要求,1-3年,180000.0,360000.0
116,前端开发,上海·闵行·虹桥,前端开发,三星财产保险(中国)有限公司,300-499人,外商独资,1.5万-2.5万·16薪,本科,无要求,3-5年,240000.0,400000.0
117,前端开发,上海·普陀·长征,Web前端工程师（上海）,长城保险经纪有限公司,1000-9999人,民营,8千-1.5万,大专,无要求,1-3年,96000.0,180000.0
119,前端开发,上海·浦东·唐镇,前端开发4年以上（金融项目&amp;Angular经验必备）,沈阳思诺科技有限公司,100-299人,民营,1.4万-1.8万,本科,无要求,3-5年,168000.0,216000.0
120,前端开发,上海·闵行·新虹,前端开发工程师,浙江庆渔堂农业科技有限公司,100-299人,民营,1.2万-2万,本科,无要求,经验不限,144000.0,240000.0
121,前端开发,上海·徐汇·虹梅路,H5 前端工程师,上海无学网络科技有限公司,100-299人,民营,1万-1.5万,本科,无要求,1-3年,120000.0,180000.0
122,前端开发,上海·嘉定·菊园新区,前端开发工程师,上海汇赋科技信息有限公司,20-99人,民营,8千-1.2万,大专,无要求,3-5年,96000.0,144000.0
123,前端开发,上海·浦东·泥城,react前端开发工程师,上海睿沃信息科技有限公司,20-99人,民营,1.8万-3万,本科,无要求,经验不限,216000.0,360000.0
124,前端开发,上海·静安·大宁路,前端开发（驻场 线上面试 好过 急）,上海信息人才服务有限公司,100-299人,国企,1.5万-1.8万,本科,无要求,3-5年,180000.0,216000.0
125,前端开发,上海·宝山·杨行,中级前端程序员,口袋云,100-299人,民营,1.5万-2万,大专,CSS Vue HTML5，，VUE，GIT,3-5年,180000.0,240000.0
126,前端开发,上海·浦东·金桥,前端开发,外企德科数字技术有限公司,人力资源服务,10000人以上,1.5万-3万·14薪,本科,无要求,经验不限,210000.0,420000.0
127,前端开发,上海·嘉定·菊园新区,前端开发,其他,500-999人,上市公司,1.8万-2万·13薪,本科,无要求,3-5年,234000.0,260000.0
128,前端开发,上海·浦东·潍坊新村,前端开发（大专即可~短期2个月~薪资全额~熟悉信托）,北京青钱信息技术有限公司,500-999人,民营,1.5万-1.9万,大专,无要求,5-10年,180000.0,228000.0
129,前端开发,上海·浦东·张江,前端开发,北京永生鼎立信息技术有限公司,100-299人,合资,1.2万-2万,大专,无要求,5-10年,144000.0,240000.0
130,前端开发,上海·闵行·莘庄,前端开发工程师231720501,其他,10000人以上,其它,1万-2万·13薪,本科,无要求,1-3年,130000.0,260000.0
131,前端开发,上海·杨浦·江浦路,前端开发,上海锐赢,20-99人,民营,1.2万-1.5万,大专,无要求,3-5年,144000.0,180000.0
133,前端开发,上海·浦东·康桥,前端开发工程师-大数据方向,其他,1000-9999人,上市公司,1.5万-2.3万,本科,无要求,3-5年,180000.0,276000.0
134,前端开发,上海·青浦·香花桥,前端工程师,上海润术生物有限公司,20-99人,民营,9千-1.2万,大专,无要求,3-5年,108000.0,144000.0
135,前端开发,上海·浦东·洋泾,上海前端开发工程师,郑州乐驰软件科技有限公司,20-99人,民营,1万-1.5万,大专,无要求,1-3年,120000.0,180000.0
136,前端开发,上海·普陀·石泉路,【上海】前端开发,厦门至恒融兴信息技术股份有限公司福州分公司,计算机软件,100-299人,1.2万-1.5万,本科,无要求,3-5年,144000.0,180000.0
138,前端开发,上海·南京东路,前端开发工程师-满樽网络,上海中科新微信息科技园有限公司,20人以下,合资,1万-1.4万,本科,无要求,3-5年,120000.0,168000.0
139,前端开发,上海·浦东·张江,前端开发,广州秒到信息科技有限公司,20人以下,民营,1.5万-2万,本科,Java,经验不限,180000.0,240000.0
140,前端开发,上海·浦东·上钢新村,后端开发工程师/前端开发工程师,上海路轴医疗科技有限公司,20-99人,民营,1万-2万,本科,无要求,3-5年,120000.0,240000.0
141,前端开发,上海·普陀·曹杨新村,前端开发工程师,中邮科技,1000-9999人,国企,1.3万-2.5万,本科,无要求,3-5年,156000.0,300000.0
142,前端开发,上海·浦东·金桥,前端开发,外企德科,1000-9999人,合资,1.5万-3万·14薪,本科,无要求,经验不限,210000.0,420000.0
143,前端开发,上海·青浦·徐泾,前端开发工程师,上海山怀信息科技有限公司,互联网,20-99人,1万-1.2万,大专,无要求,经验不限,120000.0,144000.0
144,前端开发,上海·黄浦·小东门,前端开发工程师 (MJ002418),上海东证期货有限公司,500-999人,国企,2万-3万,学历不限,无要求,3-5年,240000.0,360000.0
145,前端开发,上海·静安·大宁路,前端开发（大数据）,上海信息人才服务有限公司,100-299人,国企,1.5万-2万,本科,无要求,3-5年,180000.0,240000.0
146,前端开发,上海·浦东·金桥,前端开发,外企德科,1000-9999人,合资,1.5万-2.5万·14薪,本科,无要求,经验不限,210000.0,350000.0
147,前端开发,上海·静安·石门二路,VUE前端开发-HR系统 h5开发 SQL,其他,300-499人,民营,1.3万-1.4万,本科,无要求,3-5年,156000.0,168000.0
148,前端开发,上海·普陀·长征,WEB前端工程师,eDoctor,300-499人,合资,1万-1.5万,大专,Web前端 Javascript CSS3 jQuery,3-5年,120000.0,180000.0
149,前端开发,上海·浦东·金桥,前端开发,外企德科,1000-9999人,合资,1.5万-3万·14薪,本科,无要求,经验不限,210000.0,420000.0
150,前端开发,上海·浦东·洋泾,前端开发/前端工程师（Vuejs方向）,上海旅云信息技术有限公司,电子商务,20-99人,1万-1.8万·14薪,本科,无要求,3-5年,140000.0,252000.0
151,前端开发,上海·浦东·金桥,Web前端工程师,其他,500-999人,民营,1.2万-1.4万,大专,Vue,经验不限,144000.0,168000.0
152,前端开发,上海·浦东·张江,前端开发,北京永生鼎立信息技术有限公司,100-299人,合资,1.6万-2.5万,大专,无要求,5-10年,192000.0,300000.0
153,前端开发,上海·浦东·唐镇,前端工程师,燕梭金融信息科技(上海)有限公司,100-299人,民营,1万-1.8万·13薪,本科,无要求,经验不限,130000.0,234000.0
154,前端开发,上海·浦东·金桥,前端开发,外企德科,1000-9999人,合资,1.7万-3万·15薪,本科,无要求,经验不限,255000.0,450000.0
155,前端开发,上海·徐汇·田林,前端开发,安易行(常州)新能源科技有限公司,500-999人,民营,8千-1.2万·13薪,大专,无要求,1-3年,104000.0,156000.0
156,前端开发,上海·杨浦·五角场,AIGC 前端应用开发服务,上海坤亿信息技术有限公司,20-99人,民营,1.8万-2万,本科,无要求,3-5年,216000.0,240000.0
157,前端开发,上海·宝山·杨行,前端开发工程师,上海二十冶建设有限公司,1000-9999人,国企,1.2万-1.5万,本科,无要求,3-5年,144000.0,180000.0
158,前端开发,上海·浦东·金桥,前端开发,外企德科数字技术有限公司,人力资源服务,10000人以上,1.3万-2.6万·14薪,本科,无要求,经验不限,182000.0,364000.0
159,前端开发,上海·嘉定·马陆,VUE前端开发工程师,上海守安投资控股集团有限公司,300-499人,民营,8千-1.2万,本科,无要求,1-3年,96000.0,144000.0
160,前端开发,上海·宝山·高境,前端开发工程师,琅琛信息技术(上海)有限公司,20人以下,民营,1.2万-1.6万·13薪,本科,无要求,3-5年,156000.0,208000.0
161,前端开发,上海·浦东·金桥,前端开发,外企德科,1000-9999人,合资,1.5万-3万·14薪,本科,无要求,经验不限,210000.0,420000.0
163,前端开发,上海·静安·石门二路,前端开发,上海吾道信息科技有限公司,10000人以上,民营,1.4万-1.8万,大专,无要求,3-5年,168000.0,216000.0
164,前端开发,上海·徐汇·徐家汇,前端工程师,其他,100-299人,上市公司,1.2万-1.3万,本科,无要求,3-5年,144000.0,156000.0
165,前端开发,上海·浦东·陆家嘴,前端开发,其他,100-299人,民营,1.5万-3万,本科,无要求,经验不限,180000.0,360000.0
166,前端开发,上海·静安·彭浦,前端开发工程师,上海陶术生物科技有限公司,100-299人,民营,1.3万-1.8万,本科,无要求,3-5年,156000.0,216000.0
167,前端开发,上海·闵行·梅陇,前端工程师,谊风信息技术(重庆)有限公司,20-99人,民营,8千-1.2万,大专,大屏/可视化项目 电商项目 ERP项目 CSS JavaScript HTML5 Vue ElementUI uni-app Node.js WebGL Echarts,1-3年,96000.0,144000.0
169,前端开发,上海·徐汇·田林,Web前端工程师,北京嘀果技术服务有限公司,20-99人,民营,1.6万-3万,本科,CSS HTML HTML5 web前端 JavaScript 英语较好,1年以下,192000.0,360000.0
171,前端开发,上海·浦东·陆家嘴,前端开发,山西喜跃发道路建设养护集团有限公司,500-999人,上市公司,1.8万-2.3万,本科,无要求,5-10年,216000.0,276000.0
172,前端开发,上海·静安·江宁路,Web开发,其他,1000-9999人,民营,1.7万-2万,大专,TypeScript Vue uni-app PINIA,5-10年,204000.0,240000.0
173,前端开发,上海·嘉定·马陆,WebGL前端开发工程师,上海在伊环保科技有限公司,20-99人,民营,1万-1.5万·15薪,本科,无要求,经验不限,150000.0,225000.0
174,前端开发,上海·浦东·上钢新村,前端开发,金锐软件技术(杭州)有限公司,500-999人,民营,1.3万-1.5万,本科,无要求,3-5年,156000.0,180000.0
175,前端开发,上海·杨浦·大桥,前端开发,外企德科数字技术有限公司,人力资源服务,10000人以上,1.5万-1.8万,本科,无要求,3-5年,180000.0,216000.0
176,前端开发,上海·浦东·唐镇,前端开发,其他,10000人以上,民营,1.4万-1.6万,本科,CSS React JavaScript 金融经验 H5,3-5年,168000.0,192000.0
177,前端开发,上海·浦东·陆家嘴,react前端开发（学信统本到面 ）,拓保软件,1000-9999人,民营,1.3万-1.6万,本科,无要求,3-5年,156000.0,192000.0
178,前端开发,上海·静安·大宁路,WEB端开发工程师,上海威联信息技术有限公司,100-299人,民营,1.4万-1.6万,本科,React Vue 大屏/可视化项目 GIS/地图项目 ERP项目 CSS,10年以上,168000.0,192000.0
179,前端开发,上海·嘉定·安亭,前端开发,其他,10000人以上,外商独资,1.6万-2.2万,大专,无要求,3-5年,192000.0,264000.0
180,前端开发,上海·闵行·虹桥,前端工程师,上海西信软件工程有限公司,100-299人,民营,1万-1.5万,本科,Vue,3-5年,120000.0,180000.0
181,前端开发,上海·闵行·新虹,前端开发,上海华驿汽车技术有限公司,100-299人,民营,1.5万-1.9万,大专,无要求,3-5年,180000.0,228000.0
182,前端开发,上海·浦东·金桥,前端开发工程师(上海)(J10822),善诚科技发展（上海）有限公司,300-499人,外商独资,1.5万-1.8万,本科,无要求,3-5年,180000.0,216000.0
183,前端开发,上海·浦东·花木,前端开发,京客科技(深圳)有限公司,100-299人,民营,1.6万-2.5万,本科,无要求,1-3年,192000.0,300000.0
184,前端开发,上海·静安·南京西路,前端开发工程师,上海茵赫实业有限公司,1000-9999人,其它,1万-2万,本科,无要求,3-5年,120000.0,240000.0
185,前端开发,上海·青浦·徐泾,前端销售,上海九方云智能科技有限公司,1000-9999人,上市公司,1.6万-2.5万,本科,无要求,经验不限,192000.0,300000.0
186,前端开发,上海·浦东·陆家嘴,前端工程师,上海问道云人工智能科技有限公司,20-99人,民营,1万-1.5万,本科,JavaScript,3-5年,120000.0,180000.0
187,前端开发,上海·浦东·三林,瑞典制造业—Web前端（软件工程师）,上海中智项目外包咨询服务有限公司,1000-9999人,国企,2万-2.5万,本科,Reactjs Angular 全栈,经验不限,240000.0,300000.0
188,前端开发,上海·浦东·陆家嘴,前端开发工程师,其他,20-99人,民营,1万-2万·13薪,本科,无要求,1-3年,130000.0,260000.0
189,前端开发,上海·浦东·南汇新城,软件工程师前端开发,上海海洋工程装备制造业创新中心有限公司,100-299人,股份制企业,2万-4万,本科,无要求,3-5年,240000.0,480000.0
190,前端开发,上海·浦东·金桥,前端开发,外企德科,1000-9999人,合资,1.3万-2.6万·14薪,本科,无要求,经验不限,182000.0,364000.0
191,前端开发,上海·闵行·梅陇,前端开发,上海逸舟信息科技有限公司,20-99人,民营,1万-1.5万·14薪,本科,无要求,1-3年,140000.0,210000.0
192,前端开发,上海·浦东·张江,web前端开发工程师,上海视畅信息科技有限公司,20-99人,民营,1.4万-2.5万,本科,无要求,3-5年,168000.0,300000.0
193,前端开发,上海·浦东·金桥,前端开发,外企德科,1000-9999人,合资,1.5万-3万·15薪,本科,C语言,经验不限,225000.0,450000.0
194,前端开发,上海·浦东·张江,web前端开发,上海卓畅信息技术有限公司,20-99人,合资,1万-1.5万·13薪,本科,无要求,1-3年,130000.0,195000.0
195,前端开发,上海·浦东·金桥,前端开发,外企德科数字技术有限公司,人力资源服务,10000人以上,1.5万-3万·16薪,本科,无要求,经验不限,240000.0,480000.0
196,前端开发,上海·嘉定·马陆,前端开发工程师,上海湖泉阀门集团有限公司,20-99人,民营,8千-1.2万,大专,无要求,3-5年,96000.0,144000.0
197,前端开发,上海·浦东·陆家嘴,前端工程师 vue react ES6,其他,10000人以上,上市公司,1.1万-1.8万,本科,无要求,3-5年,132000.0,216000.0
198,前端开发,上海·静安·大宁路,web前端开发工程师,上海信息人才服务有限公司,100-299人,国企,1.4万-2万,本科,无要求,5-10年,168000.0,240000.0
199,前端开发,上海·浦东·唐镇,前端开发工程师（中汇）,其他,500-999人,合资,1.1万-1.7万,本科,无要求,3-5年,132000.0,204000.0
200,前端开发,上海·浦东·唐镇,前端开发工程师,其他,1000-9999人,股份制企业,1.6万-2.4万·13薪,本科,无要求,5-10年,208000.0,312000.0
201,前端开发,上海·浦东·陆家嘴,前端开发,燕梭金融信息科技(上海)有限公司,100-299人,民营,1.2万-1.5万,大专,无要求,5-10年,144000.0,180000.0
203,前端开发,上海·浦东·唐镇,web前端开发工程师,其他,1000-9999人,股份制企业,1.2万-2万·13薪,本科,无要求,3-5年,156000.0,260000.0
204,前端开发,上海·浦东·花木,web前端工程师（工作地点嘉兴）,江苏鑫源融信软件科技有限公司,100-299人,民营,1.2万-1.8万·13薪,本科,Vue 金融项目 银行项目 微信原生小程序,3-5年,156000.0,234000.0
205,前端开发,上海·宝山·月浦,前端开发工程师,上海易乓乒智能科技股份有限公司,20-99人,民营,1.1万-1.5万,本科,无要求,3-5年,132000.0,180000.0
206,前端开发,上海·虹口·嘉兴路,前端开发,广州秒到信息科技有限公司,20人以下,民营,1.8万-1.9万,本科,无要求,经验不限,216000.0,228000.0
207,前端开发,上海·共和新路,VUE前端开发工程师,其他,500-999人,民营,1.5万-2万,本科,无要求,3-5年,180000.0,240000.0
208,前端开发,上海·青浦·徐泾,市场前端销售员,其他,100-299人,民营,9千-1.2万,本科,无要求,经验不限,108000.0,144000.0
209,前端开发,上海·黄浦·淮海中路,前端开发,易初特种电线电缆（昆山）有限公司,1000-9999人,民营,1.8万-2.2万,本科,无要求,5-10年,216000.0,264000.0
210,前端开发,上海·浦东·唐镇,前端开发（angular）,其他,1000-9999人,上市公司,1.6万-1.8万,大专,无要求,5-10年,192000.0,216000.0
211,前端开发,上海·徐汇·虹梅路,web前端工程师,中讯志远(武汉)科技有限公司,100-299人,民营,9千-1.5万,大专,Vue.js AngularJS,1-3年,108000.0,180000.0
212,前端开发,上海·普陀·石泉路,h5前端工程师,其他,1000-9999人,股份制企业,8千-1.3万,大专,金融项目 Vue React JavaScript 证券项目,3-5年,96000.0,156000.0
213,前端开发,上海·闵行·浦江,高级前端开发工程师,上海奕盛软件有限公司,20-99人,民营,1万-1.5万,本科,无要求,3-5年,120000.0,180000.0
214,前端开发,上海·宝山·友谊路,前端开发,合肥乾筑智能科技有限公司,新能源,20人以下,1.8万-3.5万,本科,无要求,3-5年,216000.0,420000.0
215,前端开发,上海·静安·彭浦,前端开发工程师,上海胜狮软件科技有限公司,20-99人,股份制企业,1万-1.5万,本科,无要求,1-3年,120000.0,180000.0
216,前端开发,上海·杨浦·大桥,前端开发,外企德科数字技术有限公司,人力资源服务,10000人以上,1.6万-2万,本科,无要求,3-5年,192000.0,240000.0
217,前端开发,上海·浦东·三林,Web前端工程师,上海宗升工程科技有限公司,房地产开发,20-99人,8千-1.6万,大专,HTML HTML5 CSS3 AJAX jQuery Mobile XHTML 前端架构 Bootstrap,3-5年,96000.0,192000.0
218,前端开发,上海·浦东·唐镇,前端开发工程师（银行项目经验）,上海天正软件有限公司,100-299人,民营,1万-1.1万,本科,无要求,3-5年,120000.0,132000.0
219,前端开发,上海·浦东·潍坊新村,web前端开发工程师,上卡网络,100-299人,合资,1.3万-1.5万·13薪,本科,无要求,1-3年,169000.0,195000.0
220,前端开发,上海·浦东·金桥,前端开发,北海智强人力资源管理有限公司,20人以下,民营,1.5万-3万·14薪,本科,无要求,经验不限,210000.0,420000.0
221,前端开发,上海·普陀·石泉路,前端开发工程师（上海）,其他,1000-9999人,民营,1.5万-1.6万,本科,无要求,3-5年,180000.0,192000.0
222,前端开发,上海·长宁·天山路,web前端工程师,其他,1000-9999人,民营,3万-6万·18薪,本科,无要求,无经验,540000.0,1080000.0
223,前端开发,上海·静安·彭浦,前端开发,上海吾道信息科技有限公司,10000人以上,民营,1.3万-1.8万,本科,无要求,3-5年,156000.0,216000.0
224,前端开发,上海·浦东·曹路,前端开发（小程序）,讯升(上海)人力资源有限公司成都分公司,100-299人,外商独资,1.8万-2.2万,本科,无要求,3-5年,216000.0,264000.0
225,前端开发,上海·徐汇·漕河泾,前端开发,上海昊亦坤信息技术有限公司,20-99人,民营,1.1万-1.5万,本科,无要求,3-5年,132000.0,180000.0
226,前端开发,上海·浦东·金桥,前端开发,英特利普(上海)信息技术有限公司,100-299人,外商独资,1.3万-1.6万,本科,无要求,3-5年,156000.0,192000.0
227,前端开发,上海·虹口·广中路,初中级前端开发工程师（vue）,上海嘉勉信息技术有限公司,20-99人,民营,8千-1.4万,本科,无要求,1-3年,96000.0,168000.0
228,前端开发,上海·浦东·花木,前端开发工程师,成都社零科技有限公司,人工智能,20-99人,1.8万-2.5万·14薪,本科,无要求,3-5年,252000.0,350000.0
229,前端开发,上海·浦东·花木,前端工程师,大连铭信科技发展有限公司,20-99人,民营,1万-1.9万,大专,无要求,3-5年,120000.0,228000.0
230,前端开发,上海·浦东·金桥,前端开发工程师,中银消费金融,500-999人,合资,2万-3万,本科,无要求,1-3年,240000.0,360000.0
231,前端开发,上海·普陀·长征,前端开发工程师,柏美智慧科技(上海)股份有限公司,100-299人,股份制企业,1.6万-2.5万·15薪,本科,无要求,5-10年,240000.0,375000.0
232,前端开发,上海·浦东·唐镇,前端开发工程师,其他,1000-9999人,股份制企业,1.1万-1.4万,本科,无要求,3-5年,132000.0,168000.0
233,前端开发,上海·闵行·江川路,编译器开发（前端 mlir）,上海欣聘信息技术有限公司,20-99人,民营,2.5万-5万·15薪,本科,无要求,经验不限,375000.0,750000.0
234,前端开发,上海·浦东·金桥,前端开发,外企德科,1000-9999人,合资,1.3万-2.6万·14薪,本科,无要求,经验不限,182000.0,364000.0
235,前端开发,上海·浦东·张江,前端开发,北京众策科技咨询有限公司,20-99人,民营,1.5万-2万·13薪,本科,无要求,5-10年,195000.0,260000.0
236,前端开发,上海·杨浦·长海路,游戏前端开发,其他,1000-9999人,股份制企业,1.3万-1.5万,本科,无要求,3-5年,156000.0,180000.0
237,前端开发,上海·杨浦·新江湾城,前端开发工程师（英文口语）,上海睿沃信息科技有限公司,20-99人,民营,1.5万-2.5万·13薪,本科,无要求,5-10年,195000.0,325000.0
238,前端开发,上海·黄浦·外滩,前端开发工程师,南京巨鲨商贸有限公司,500-999人,民营,2万-3万,硕士,无要求,经验不限,240000.0,360000.0
239,前端开发,上海·静安·石门二路,前端开发,其他,1000-9999人,股份制企业,1.5万-3万,本科,无要求,5-10年,180000.0,360000.0
240,前端开发,上海·黄浦·五里桥,前端UI设计师,上海丰调节能技术有限公司,20人以下,其它,9千-1.2万·13薪,大专,界面设计 网页端,1-3年,117000.0,156000.0
241,前端开发,上海·青浦·华新,web前端工程师（包住+双休）,深圳极联信息技术股份有限公司,500-999人,民营,1.4万-1.5万,大专,电商项目 Vue,3-5年,168000.0,180000.0
242,前端开发,上海·长宁·新泾,前端开发,湖北益才企业管理有限公司枣阳分公司,20-99人,民营,8千-1.3万,本科,无要求,1-3年,96000.0,156000.0
243,前端开发,上海·浦东·陆家嘴,前端上证所(J16330),其他,10000人以上,上市公司,1.2万-2万,本科,Angular React Vue 金融项目 证券项目 Echarts,3-5年,144000.0,240000.0
244,前端开发,上海·黄浦·五里桥,vue3 前端开发,郑州海奥软件科技有限公司,100-299人,民营,1.3万-1.6万,本科,无要求,5-10年,156000.0,192000.0
245,前端开发,上海·闵行·古美,web前端开发工程师,中讯志远(武汉)科技有限公司,100-299人,民营,8千-1.5万,大专,无要求,3-5年,96000.0,180000.0
246,前端开发,上海·闵行·浦江,前端开发,其他,500-999人,外商独资,1.2万-2万,本科,无要求,5-10年,144000.0,240000.0
247,前端开发,上海·闵行·新虹,前端开发工程师,其他,10000人以上,上市公司,1.8万-2.5万·14薪,本科,无要求,3-5年,252000.0,350000.0
248,前端开发,上海·虹口·广中路,前端工程师,上海嘉勉信息技术有限公司,20-99人,民营,8千-1.2万,本科,HTML5,1-3年,96000.0,144000.0
249,前端开发,上海·闵行·颛桥,Web前端开发工程师,上海通立信息科技有限公司,20-99人,民营,1万-1.5万,本科,无要求,3-5年,120000.0,180000.0
250,前端开发,上海·浦东·塘桥,前端开发,上海钦诚信息科技有限公司,计算机软件,20-99人,1.6万-2.1万,本科,无要求,3-5年,192000.0,252000.0
251,前端开发,上海·浦东·唐镇,前端开发,其他,1000-9999人,上市公司,1.2万-1.7万,本科,无要求,3-5年,144000.0,204000.0
252,前端开发,上海·浦东·金桥,前端开发工程师,其他,10000人以上,民营,1万-2万,本科,无要求,1-3年,120000.0,240000.0
253,前端开发,上海·浦东·张江,DFT前端设计工程师 / DFT Engineer,广州思信电子科技有限公司,100-299人,民营,1.8万-3万·14薪,本科,无要求,经验不限,252000.0,420000.0
254,前端开发,上海·北蔡,Web前端开发,巧数(上海)网络科技有限公司,20-99人,民营,1万-2万,大专,无要求,3-5年,120000.0,240000.0
255,前端开发,上海·浦东·张江,前端开发,上海汉朔信息科技有限公司,1000-9999人,民营,1.4万-1.5万,本科,无要求,3-5年,168000.0,180000.0
256,前端开发,上海·浦东·唐镇,前端工程师,其他,500-999人,上市公司,1.5万-2.2万·13薪,大专,无要求,3-5年,195000.0,286000.0
257,前端开发,上海·普陀·石泉路,上海鸿蒙系统前端开发(本科),其他,1000-9999人,股份制企业,1万-1.4万,本科,无要求,3-5年,120000.0,168000.0
258,前端开发,上海·闵行·颛桥,前端开发,郑州海奥软件科技有限公司,100-299人,民营,1.1万-1.4万,大专,无要求,3-5年,132000.0,168000.0
259,前端开发,上海·浦东·张江,前端,其他,1000-9999人,上市公司,1.3万-1.7万,本科,CSS JavaScript HTML5,1-3年,156000.0,204000.0
260,前端开发,上海·嘉定·安亭,前端开发,中电信链信息技术南京有限公司,20人以下,其它,7千-1.4万,本科,无要求,3-5年,84000.0,168000.0
261,前端开发,上海·浦东·张江,前端开发,四川君诚互动科技有限公司,20-99人,民营,1.4万-1.8万,大专,React Vue uni-app,5-10年,168000.0,216000.0
262,前端开发,上海·虹口·北外滩,web前端开发工程师,上海振申医药进出口有限公司,20-99人,民营,1.5万-2万,本科,无要求,3-5年,180000.0,240000.0
263,前端开发,上海·杨浦·大桥,前端开发,外企德科数字技术有限公司,人力资源服务,10000人以上,1.6万-2万,本科,Vue,3-5年,192000.0,240000.0
264,前端开发,上海·黄浦·瑞金二路,前端开发工程师,上海珀懿电子商务有限公司,20-99人,民营,1.5万-2万,本科,无要求,3-5年,180000.0,240000.0
265,前端开发,上海·徐汇·龙华,前端开发,外企德科,1000-9999人,合资,1万-1.4万,本科,无要求,3-5年,120000.0,168000.0
266,前端开发,上海·静安·石门二路,前端开发/上海,其他,1000-9999人,股份制企业,1.2万-1.5万,本科,无要求,3-5年,144000.0,180000.0
267,前端开发,上海·浦东·唐镇,资深前端开发工程师,燕梭金融信息科技(上海)有限公司,100-299人,民营,1.5万-1.8万,大专,无要求,5-10年,180000.0,216000.0
268,前端开发,上海·浦东·唐镇,前端开发工程师,其他,10000人以上,其它,1.5万-1.9万,本科,无要求,5-10年,180000.0,228000.0
269,前端开发,上海·浦东·上钢新村,web前端开发工程师（上海）,北京永生鼎立信息技术有限公司,100-299人,合资,1万-1.5万,本科,无要求,3-5年,120000.0,180000.0
270,前端开发,上海·黄浦·半淞园路,前端开发（驻场 线上面试 双休）,上海信息人才服务有限公司,100-299人,国企,1.5万-2.2万,本科,无要求,5-10年,180000.0,264000.0
271,前端开发,上海·杨浦·大桥,前端开发,外企德科,1000-9999人,合资,1.7万-1.8万,本科,无要求,3-5年,204000.0,216000.0
272,前端开发,上海·浦东·塘桥,WebPerformer | ローコード開発,上海朗裕信息科技有限公司,20-99人,民营,1万-1.5万,大专,无要求,3-5年,120000.0,180000.0
273,前端开发,上海·浦东·潍坊新村,前端开发,上海佰宁智能科技有限公司,20-99人,民营,8千-1.2万·13薪,本科,无要求,3-5年,104000.0,156000.0
274,前端开发,上海·黄浦·五里桥,前端开发工程师,郑州海奥软件科技有限公司,100-299人,民营,1万-1.1万,大专,无要求,3-5年,120000.0,132000.0
275,前端开发,上海·浦东·唐镇,高级vue前端,其他,10000人以上,其它,1.7万-1.9万,本科,Vue 银行,5-10年,204000.0,228000.0
276,前端开发,上海·浦东·金桥,中级前端开发工程师,其他,500-999人,合资,1.2万-1.3万,本科,无要求,3-5年,144000.0,156000.0
277,前端开发,上海·黄浦·五里桥,react开发工程师,郑州海奥软件科技有限公司,100-299人,民营,9千-1.1万,本科,React,3-5年,108000.0,132000.0
278,前端开发,上海·静安·石门二路,资深前端开发工程师,北京琪达信通科技有限公司,通信/网络设备,100-299人,3万-6万·15薪,本科,无要求,经验不限,450000.0,900000.0
279,前端开发,上海·松江·新桥,前端小程序开发工程师,其他,1000-9999人,股份制企业,1.1万-1.4万,本科,无要求,5-10年,132000.0,168000.0
280,前端开发,上海·虹口·曲阳路,前端开发,天津一众企业管理有限责任公司,20-99人,民营,1.7万-2万,本科,无要求,5-10年,204000.0,240000.0
281,前端开发,上海·塘桥,u3d 前端开发工程师,其他,100-299人,股份制企业,2.5万-3.5万,学历不限,无要求,1-3年,300000.0,420000.0
282,前端开发,上海·徐汇·华泾,前端开发工程师（React）,其他,500-999人,民营,1万-1.5万,本科,无要求,3-5年,120000.0,180000.0
283,前端开发,上海·虹口·曲阳路,前端开发,天津一众企业管理有限责任公司,20-99人,民营,1.5万-1.6万,本科,无要求,3-5年,180000.0,192000.0
284,前端开发,上海·浦东·张江,数字前端设计工程师,无锡中感微电子股份有限公司,100-299人,其它,2.1万-4万·14薪,本科,无要求,3-5年,294000.0,560000.0
285,前端开发,上海·浦东·金桥,web前端开发工程师,其他,10000人以上,民营,1.2万-1.6万,本科,无要求,3-5年,144000.0,192000.0
286,前端开发,上海·闵行·新虹,零售类前端产品经理,其他,1000-9999人,民营,1.5万-2.5万·15薪,本科,无要求,3-5年,225000.0,375000.0
287,前端开发,上海·杨浦·大桥,高级前端工程师,国泰财产保险有限责任公司,500-999人,合资,2.5万-3.5万,本科,web前端,3-5年,300000.0,420000.0
288,前端开发,上海·虹口·北外滩,前端开发,湖南软科信息技术服务有限公司,20-99人,民营,1.3万-2万,本科,Java Python 功能测试,3-5年,156000.0,240000.0
289,前端开发,上海·黄浦·外滩,前端开发,其他,1000-9999人,民营,1.5万-1.9万·13薪,本科,CSS JavaScript HTML5 Vue ElementUI Echarts Flutter ELECTRONJS,5-10年,195000.0,247000.0
290,前端开发,上海·静安·江宁路,前端web开发工程师,其他,1000-9999人,民营,1.7万-2万,本科,无要求,5-10年,204000.0,240000.0
291,前端开发,上海·黄浦·外滩,前端开发,外企德科数字技术有限公司,人力资源服务,10000人以上,2万-2.5万·14薪,本科,游戏项目 Vue 前端 JavaScript CSS/SASS webpack ES6,5-10年,280000.0,350000.0
292,前端开发,上海·浦东·塘桥,前端开发,紫金支点,1000-9999人,民营,1.6万-2万,大专,无要求,5-10年,192000.0,240000.0
293,前端开发,上海·浦东·唐镇,前端工程师,深圳市紫川软件有限公司,500-999人,民营,1.4万-1.7万,本科,无要求,3-5年,168000.0,204000.0
294,前端开发,上海,web前端开发工程师,上海昌谷实业有限公司,20-99人,民营,1万-1.5万,本科,无要求,3-5年,120000.0,180000.0
295,前端开发,上海·闵行·浦江,web前端工程师,上海智达工程顾问有限公司,100-299人,民营,8千-1.2万,本科,CSS JavaScript HTML5 Vue webpack 智慧楼宇 元宇宙,1-3年,96000.0,144000.0
296,前端开发,上海·静安·彭浦,前端开发,上海吾道信息科技有限公司,10000人以上,民营,1.5万-2万,本科,无要求,3-5年,180000.0,240000.0
297,前端开发,上海·宝山·庙行,web前端工程师,其他,10000人以上,合资,2万-4万·14薪,本科,CSS JavaScript TypeScript Vue React Node.js web前端 ES6 Webpack,3-5年,280000.0,560000.0
298,前端开发,上海·浦东·陆家嘴,前端（学信本vue）,江苏鑫瑞源科技有限公司,20-99人,民营,1.1万-1.5万,本科,Vue,3-5年,132000.0,180000.0
299,前端开发,上海·浦东·花木,前端开发,其他,500-999人,上市公司,3万-4万·13薪,本科,无要求,3-5年,390000.0,520000.0
300,前端开发,上海·浦东·塘桥,前端开发,大连铭信科技发展有限公司,20-99人,民营,1.5万-1.9万,大专,无要求,5-10年,180000.0,228000.0
301,前端开发,上海·浦东·张江,高级前端开发工程师,上海西信软件工程有限公司,100-299人,民营,1.5万-2.5万,大专,无要求,5-10年,180000.0,300000.0
302,前端开发,上海·杨浦·新江湾城,前端开发,其他,20-99人,上市公司,1.5万-2.5万·13薪,本科,无要求,3-5年,195000.0,325000.0
303,前端开发,上海·松江·九亭,前端软件专家,其他,500-999人,民营,3万-6万,本科,前端软件,3-5年,360000.0,720000.0
304,前端开发,上海·杨浦·四平路,前端开发工程师,其他,100-299人,合资,1.5万-2.5万,本科,无要求,5-10年,180000.0,300000.0
305,前端开发,上海·浦东·金桥,前端开发,外企德科,1000-9999人,合资,1.3万-2.6万,本科,无要求,经验不限,156000.0,312000.0
306,前端开发,上海·浦东·张江,高级社群转化经理（前端转化）,喜丈(上海)网络科技有限公司,1000-9999人,民营,1.5万-2.5万,本科,无要求,3-5年,180000.0,300000.0
307,前端开发,上海·杨浦·新江湾城,前端开发,北京耐思云科技有限公司,100-299人,民营,4万-7万·14薪,本科,无要求,5-10年,560000.0,980000.0
308,前端开发,上海·浦东·陆家嘴,前端开发,道一(天津)企业管理咨询有限公司,100-299人,民营,2万-2.5万,硕士,无要求,无经验,240000.0,300000.0
309,前端开发,上海·浦东·花木,前端开发,德科信息有限公司,1000-9999人,民营,1.4万-1.8万,本科,金融项目 证券项目 银行项目 支付项目 React Angular Vue Node.js,3-5年,168000.0,216000.0
310,前端开发,上海·普陀·桃浦,web前端工程师,上海畅赢智能科技有限公司,20-99人,合资,6千-1.2万,本科,CSS JavaScript HTML5 Vue jQuery 直播视频项目 ERP项目,1-3年,72000.0,144000.0
311,前端开发,上海·虹口·北外滩,前端开发,湖南软科信息技术服务有限公司,20-99人,民营,1.2万-1.7万,本科,无要求,3-5年,144000.0,204000.0
312,前端开发,上海·浦东·张江,高级前端开发工程师,上海正诺信息科技有限公司,500-999人,民营,1.8万-2万,本科,无要求,5-10年,216000.0,240000.0
313,前端开发,上海·普陀·长征,Vue Web前端开发工程师,上海蓝鸟信息科技有限公司,100-299人,民营,1.5万-2万,本科,无要求,3-5年,180000.0,240000.0
314,前端开发,上海·闵行·七宝,web前端工程师,上海天都人力资源有限公司,20-99人,合资,9千-1.1万,本科,web前端 HTML5 JavaScript jQuery Vue React,1-3年,108000.0,132000.0
315,前端开发,上海·浦东·花木,react前端,其他,10000人以上,上市公司,1.2万-2万,本科,银行项目 基金/证券 React,3-5年,144000.0,240000.0
316,前端开发,上海·徐汇·虹梅路,vue前端开发工程师,郑州启宏软件科技有限公司,互联网,20人以下,9千-1.4万,本科,无要求,3-5年,108000.0,168000.0
317,前端开发,上海·宝山·高境,web前端工程师,其他,1000-9999人,民营,1.6万-2.2万,大专,jQuery Node.js,3-5年,192000.0,264000.0
318,前端开发,上海·浦东·金桥,前端开发,其他,1000-9999人,民营,1万-1.2万,本科,无要求,1-3年,120000.0,144000.0
319,前端开发,上海·静安·石门二路,前端开发,深圳市东莱国际信息技术有限公司,20人以下,民营,1.3万-2万,本科,金融项目 证券项目 银行项目 JavaScript Vue React Node.js Java,3-5年,156000.0,240000.0
320,前端开发,上海·杨浦·长海路,前端开发,武汉讯锡云科技有限公司,300-499人,民营,1万-1.5万,本科,无要求,3-5年,120000.0,180000.0
321,前端开发,上海·浦东·金桥,前端开发,其他,1000-9999人,股份制企业,1.3万-1.4万,本科,无要求,1-3年,156000.0,168000.0
322,前端开发,上海·浦东·唐镇,前端开发,上海谷赢信息科技有限公司,20-99人,民营,1万-1.6万,本科,无要求,3-5年,120000.0,192000.0
323,前端开发,上海·闵行·江川路,前端开发,"上海凯士比泵有限公司 KSB SHANGHAI PUMP CO., LTD.",500-999人,合资,1.1万-1.3万,本科,无要求,3-5年,132000.0,156000.0
324,前端开发,上海·闵行·新虹,前端开发,上海精匠信息科技有限公司,20-99人,民营,1.2万-1.3万,本科,无要求,3-5年,144000.0,156000.0
325,前端开发,上海·浦东·金桥,前端开发工程师,北京鼎腾科技有限公司,500-999人,民营,1.8万-3.5万,本科,无要求,3-5年,216000.0,420000.0
326,前端开发,上海·浦东·金桥,前端开发,外企德科,1000-9999人,合资,1.5万-3万·14薪,本科,无要求,经验不限,210000.0,420000.0
327,前端开发,上海·闵行·新虹,高级研发工程师（前端）,其他,10000人以上,上市公司,2.5万-5万·13薪,本科,Vue JavaScript HTML5 React Native,3-5年,325000.0,650000.0
328,前端开发,上海·杨浦·五角场,react前端开发（福建宁德项目）,海通安恒科技股份有限公司,1000-9999人,民营,1.2万-1.8万,大专,无要求,3-5年,144000.0,216000.0
329,前端开发,上海·徐汇·天平路,Web前端开发工程师,上海复医天健医疗服务产业股份有限公司,10000人以上,国企,1万-1.5万·13薪,本科,无要求,1-3年,130000.0,195000.0
330,前端开发,上海·浦东·唐镇,前端开发,沈阳泽源科技有限公司,IT服务,20-99人,1.1万-2.2万,本科,无要求,3-5年,132000.0,264000.0
331,前端开发,上海·浦东·陆家嘴,前端开发工程师（基金公司驻场+金融项目）,上海锐赢,20-99人,民营,1.5万-2万,本科,无要求,3-5年,180000.0,240000.0
332,前端开发,上海·徐汇·虹梅路,高级前端开发工程师,北京爱迪神州科技有限公司,20-99人,民营,1.8万-3.5万,本科,无要求,3-5年,216000.0,420000.0
333,前端开发,上海·青浦·金泽,前端开发,外企德科,1000-9999人,合资,2万-3.5万·14薪,本科,无要求,5-10年,280000.0,490000.0
334,前端开发,上海·闵行·吴泾,前端开发,上海奥铁通讯技术有限公司,20-99人,民营,1.5万-2.5万,本科,无要求,5-10年,180000.0,300000.0
335,前端开发,上海·宝山·杨行,前端开发,沈阳东硕信息技术有限公司,20-99人,民营,9千-1.7万·13薪,本科,CSS JavaScript HTML5 Vue .NET Java WEB,5-10年,117000.0,221000.0
336,前端开发,上海·浦东·唐镇,Web前端工程师-SH,其他,500-999人,上市公司,1.2万-2万,本科,无要求,3-5年,144000.0,240000.0
337,前端开发,上海·徐汇·徐家汇,前端开发工程师,梨园梦(上海)文化传播有限公司,20-99人,民营,1万-1.6万,本科,无要求,3-5年,120000.0,192000.0
338,前端开发,上海·闵行·江川路,前端开发,外企德科数字技术有限公司,人力资源服务,10000人以上,1万-2万,本科,无要求,3-5年,120000.0,240000.0
339,前端开发,上海·杨浦·平凉路,WEB高级前端开发工程师,上海普瑞邦克软件技术有限公司,100-299人,民营,1.1万-2万·13薪,本科,无要求,1-3年,143000.0,260000.0
340,前端开发,上海·杨浦·新江湾城,前端开发工程师（react）,其他,1000-9999人,股份制企业,1.6万-1.9万,大专,无要求,3-5年,192000.0,228000.0
341,前端开发,上海·青浦·华新,项目管理岗（前端揽收质量改善）,其他,10000人以上,上市公司,1万-2万,本科,无要求,3-5年,120000.0,240000.0
342,前端开发,上海·徐汇·龙华,前端开发,其他,10000人以上,其它,1.5万-2万,本科,无要求,5-10年,180000.0,240000.0
343,前端开发,上海·静安·彭浦,前端开发,上海吾道信息科技有限公司,10000人以上,民营,1.3万-1.8万,本科,无要求,3-5年,156000.0,216000.0
344,前端开发,上海·浦东·花木,前端开发工程师（react/vue/angular）（上海）,北京阿提拉科技有限公司,300-499人,民营,1.8万-2万,本科,无要求,3-5年,216000.0,240000.0
346,前端开发,上海·浦东·张江,高级前端开发工程师,北京众策科技咨询有限公司,20-99人,民营,1.4万-1.9万,本科,无要求,5-10年,168000.0,228000.0
347,前端开发,上海·浦东·张江,中级前端开发工程师,北京嘉诚瑞杰信息技术有限公司,500-999人,民营,2.5万-3.5万,本科,无要求,3-5年,300000.0,420000.0
348,前端开发,上海·黄浦·半淞园路,中级前端开发工程师,上海帆立信息科技有限公司宁波分公司,人工智能,100-299人,1.3万-2万,本科,无要求,3-5年,156000.0,240000.0
349,前端开发,上海·闵行·虹桥,中级web前端工程师,郑州海奥软件科技有限公司,100-299人,民营,1万-1.4万,大专,无要求,3-5年,120000.0,168000.0
350,前端开发,上海·闵行·新虹,前端开发,其他,1000-9999人,上市公司,1万-1.4万,本科,无要求,3-5年,120000.0,168000.0
351,前端开发,上海·徐汇·虹梅路,前端开发工程师,北京爱迪神州科技有限公司,20-99人,民营,2.2万-3万,本科,无要求,3-5年,264000.0,360000.0
352,前端开发,上海·浦东·唐镇,web前端工程师,其他,1000-9999人,上市公司,1.2万-2万·14薪,本科,React Angular Vue,3-5年,168000.0,280000.0
353,前端开发,上海·杨浦·五角场,前端开发工程师,上海比孚信息科技有限公司,100-299人,民营,1.5万-2.5万,本科,无要求,5-10年,180000.0,300000.0
354,前端开发,上海·闵行·新虹,前端开发,其他,1000-9999人,合资,1.5万-2.5万,本科,无要求,3-5年,180000.0,300000.0
355,前端开发,上海·浦东·张江,前端开发工程师,上海钦诚信息科技有限公司,计算机软件,20-99人,1.6万-2.2万,本科,无要求,3-5年,192000.0,264000.0
356,前端开发,上海·徐汇·龙华,前端开发,其他,10000人以上,其它,2万-2.5万,本科,无要求,5-10年,240000.0,300000.0
357,前端开发,上海·黄浦·南京东路,高级前端开发工程师,深圳市果速科技有限公司,20-99人,民营,3万-5.5万,本科,无要求,3-5年,360000.0,660000.0
358,前端开发,上海·杨浦·大桥,前端开发,外企德科数字技术有限公司,人力资源服务,10000人以上,1.5万-1.7万,本科,HTML5 CSS JavaScript Vue React,3-5年,180000.0,204000.0
359,前端开发,上海·浦东·花木,前端开发,德科信息有限公司,1000-9999人,民营,1.5万-2.1万,本科,大屏/可视化项目 HTML5 Vue React Angular Node.js Echarts,3-5年,180000.0,252000.0
360,前端开发,上海·浦东·周家渡,前端开发工程师（上海）,其他,1000-9999人,国企,1.2万-2万·14薪,本科,无要求,3-5年,168000.0,280000.0
361,前端开发,上海·浦东·唐镇,react前端开发工程师,昂策(上海)资产管理有限公司,20-99人,民营,1.5万-2万·13薪,本科,无要求,1-3年,195000.0,260000.0
363,前端开发,上海·浦东·张江,前端开发,首聘(北京)科技有限公司,1000-9999人,民营,1.3万-1.4万,本科,无要求,1-3年,156000.0,168000.0
364,前端开发,上海·浦东·唐镇,高级前端工程师,昂策(上海)资产管理有限公司,20-99人,民营,1.5万-2万,本科,无要求,3-5年,180000.0,240000.0
365,前端开发,上海·黄浦·五里桥,vue前端开发工程师,郑州海奥软件科技有限公司,100-299人,民营,1.4万-1.7万,本科,无要求,5-10年,168000.0,204000.0
366,前端开发,上海·浦东·洋泾,前端工程师（13薪+各项福利好）,深圳市紫川软件有限公司,500-999人,民营,1.2万-1.6万,本科,React Vue Node.js,5-10年,144000.0,192000.0
367,前端开发,上海·浦东·张江,高级前端开发工程师,北京嘉诚瑞杰信息技术有限公司,500-999人,民营,2.5万-3.5万,本科,无要求,5-10年,300000.0,420000.0
368,前端开发,上海·静安·南京西路,前端开发,国动网络通信集团股份有限公司,1000-9999人,民营,1.3万-1.7万,本科,无要求,3-5年,156000.0,204000.0
369,前端开发,上海·徐汇·徐家汇,前端开发,其他,1000-9999人,股份制企业,1.2万-1.3万,本科,Web前端 React,1-3年,144000.0,156000.0
370,前端开发,上海·浦东·张江,前端开发,其他,1000-9999人,民营,1万-1.2万,本科,无要求,1-3年,120000.0,144000.0
371,前端开发,上海·浦东·金桥,前端开发,首聘(北京)科技有限公司,1000-9999人,民营,1.2万-1.3万,本科,无要求,1-3年,144000.0,156000.0
372,前端开发,上海·长宁·新华路,高级web前端工程师,上海甲参科技有限公司,20-99人,其它,1.5万-2.5万,本科,无要求,5-10年,180000.0,300000.0
373,前端开发,上海·青浦·金泽,web前端工程师,华为云计算技术有限公司,10000人以上,民营,1.5万-3万·14薪,本科,web前端 HTML CSS JavaScript,经验不限,210000.0,420000.0
374,前端开发,上海·浦东·金桥,前端开发,首聘(北京)科技有限公司,1000-9999人,民营,1.2万-1.3万,本科,无要求,1-3年,144000.0,156000.0
375,前端开发,上海·浦东·唐镇,前端WEB开发工程师,其他,1000-9999人,股份制企业,2万-3万,本科,无要求,1-3年,240000.0,360000.0
376,前端开发,上海·宝山·高境,vue前端开发工程师,上海珩延信息科技有限公司,20-99人,民营,7千-1.2万,本科,无要求,1-3年,84000.0,144000.0
377,前端开发,上海·杨浦·大桥,前端开发,其他,1000-9999人,上市公司,1.6万-1.8万,本科,Vue 后台 大数据经验,5-10年,192000.0,216000.0
378,前端开发,上海·静安·南京西路,前端开发,国动网络通信集团股份有限公司,1000-9999人,民营,1.6万-2万,本科,无要求,5-10年,192000.0,240000.0
379,前端开发,上海·黄浦·南京东路,区块链前端专家,深圳市果速科技有限公司,20-99人,民营,3万-5.5万,本科,HTML web前端 React JavaScript,3-5年,360000.0,660000.0
